player_id,player_name,bat_style,bowl_style,field_pos,player_full_name,player_name2,player_image
3477400%,A Ashish Reddy,Right hand Bat,Right arm Medium, ,Ammana Ashish Reddy,Ammana Ashish,
672700%,A Badoni,Right hand Bat,Right arm Offbreak, ,Ayush Badoni,Ayush Badoni,https://www.espncricinfo.com/cricketers/ayush-badoni-1151270
3493100%,A Chandila,Right hand Bat,Right arm Offbreak, ,Ajit  Chandila,Ajit  Chandila,
1253500%,A Chopra,Right hand Bat,"Right arm Medium, Right arm Offbreak", ,Aakash Chopra,Aakash Chopra,
1100%,A Choudhary,Right hand Bat,Left arm Medium, ,Aniket Vinod Choudhary,Aniket Vinod,
155900%,A Dananjaya,Left hand Bat,"Right arm Offbreak, Legbreak", ,Mahamarakkala Kurukulasooriya Patabendige Akila Dananjaya Perera,Mahamarakkala Kurukulasooriya,
1319800%,A Flintoff,Right hand Bat,Right arm Fast medium, ,Andrew Flintoff,Andrew Flintoff,
1136600%,A Kamboj,Right hand Bat,Right arm Medium,NULL,Anshul Kamboj,Anshul Kamboj,https://www.espncricinfo.com/cricketers/anshul-kamboj-1175428
1216000%,A Kumble,Right hand Bat,Legbreak Googly, ,Anil Kumble,Anil Kumble,
673900%,A Manohar,Right hand Bat,Legbreak Googly, ,Abhinav Manohar,Abhinav Manohar,https://www.espncricinfo.com/cricketers/abhinav-manohar-778963
4260300%,A Mhatre,Right hand Bat,Right arm Offbreak,NULL,Ayush Mhatre,Ayush Mhatre,
18500%,A Mishra,Right hand Bat,Legbreak, ,Amit Mishra,Amit Mishra,
1398600%,A Mithun,Right hand Bat,Right arm Medium, ,Abhimanyu Mithun,Abhimanyu Mithun,
1302600%,A Mukund,Left hand Bat,Legbreak Googly, ,Abhinav Mukund,Abhinav Mukund,
2100%,A Nehra,Right hand Bat,Left arm Medium fast, ,Ashish Nehra,Ashish Nehra,
1301600%,A Nel,Right hand Bat,Right arm Fast medium, ,Andre Nel,Andre Nel,
404700%,A Nortje,Right hand Bat,Right arm Fast, ,Anrich Arno Nortje,Anrich Arno,
1029100%,A Raghuvanshi,Right hand Bat,Slow Left arm Orthodox,NULL,Angkrish Raghuvanshi,Angkrish Raghuvanshi,https://www.espncricinfo.com/cricketers/angkrish-raghuvanshi-1292495
1381000%,A Singh,Right hand Bat,Right arm Medium fast, ,Amit Singh,Amit Singh,
1201000%,A Symonds,Right hand Bat,"Right arm Medium, Right arm Offbreak", ,Andrew Symonds,Andrew Symonds,
809800%,A Tomar,Right hand Bat,Right arm Offbreak, ,Abhijeet Tomar,Abhijeet Tomar,
1448900%,A Uniyal,Left hand Bat,Left arm Medium, ,Amit Uniyal,Amit Uniyal,
4200%,A Zampa,Right hand Bat,Legbreak Googly, ,Adam Zampa,Adam Zampa,https://www.espncricinfo.com/cricketers/adam-zampa-379504
1349700%,AA Bilakhia,Right hand Bat,Right arm Medium, ,Azharuddin Anjum Bilakhia,Azharuddin Anjum,
3397200%,AA Chavan,Left hand Bat,Slow Left arm Orthodox, ,Ankeet Anil Chavan,Ankeet Anil,
1448500%,AA Jhunjhunwala,Right hand Bat,Right arm Offbreak, ,Abhishek Arunkumar Jhunjhunwala,Abhishek Arunkumar,
1695300%,AA Kazi,Left hand Bat,Slow Left arm Orthodox, ,Abrar Anjum Kazi,Abrar Anjum,
1119200%,AA Kulkarni,Right hand Bat,Right arm Medium,NULL,Arshin Kulkarni,Arshin Kulkarni,https://www.espncricinfo.com/cricketers/arshin-kulkarni-1403153
1193700%,AA Noffke,Right hand Bat,Right arm Fast medium, ,Ashley Allan Noffke,Ashley Allan,
1192600%,AB Agarkar,Right hand Bat,Right arm Fast, ,Ajit Bhalchandra Agarkar,Ajit Bhalchandra,
1470700%,AB Barath,Right hand Bat,Right arm Offbreak, ,Adrian Boris Barath,Adrian Boris,
24500%,AB de Villiers,Right hand Bat,Right arm Medium,Wicketkeeper,Abraham Benjamin de Villiers,Abraham Benjamin,
4300%,AB Dinda,Right hand Bat,Right arm Medium fast, ,Ashok Bhimchandra Dinda,Ashok Bhimchandra,
1427800%,AB McDonald,Right hand Bat,Right arm Fast medium, ,Andrew Barry McDonald,Andrew Barry,
904400%,Abdul Basith,Right hand Bat,Right arm Offbreak, ,Pappanayil Abdul Basith,Pappanayil Abdul,
409900%,Abdul Samad,Right hand Bat,Legbreak, ,Abdul Samad Farooq,Abdul Samad,https://www.espncricinfo.com/cricketers/abdul-samad-1175485
1284200%,Abdur Razzak,Left hand Bat,Slow Left arm Orthodox, ,Abdur Razzak,Abdur Razzak,
234900%,Abhishek Sharma,Left hand Bat,Slow Left arm Orthodox, ,Abhishek Sharma,Abhishek Sharma,https://ipl-stats-sports-mechanic.s3.ap-south-1.amazonaws.com/ipl/playerimages/Abhishek%20Sharma.png
843300%,Abishek Porel,Left hand Bat, ,Wicketkeeper,Abishek Porel,Abishek Porel,https://www.espncricinfo.com/cricketers/abishek-porel-1277545
1669300%,AC Blizzard,Left hand Bat,Left arm Medium, ,Aiden Craig Blizzard,Aiden Craig,
1200700%,AC Gilchrist,Left hand Bat,Right arm Offbreak,Wicketkeeper,Adam Craig Gilchrist,Adam Craig,"https://img1.hscicdn.com/image/upload/f_auto,t_ds_w_1280,q_80/lsci/db/PICTURES/CMS/319600/319684.png"
1587800%,AC Thomas,Right hand Bat,Right arm Fast medium, ,Alfonso Clive Thomas,Alfonso Clive,
1472900%,AC Voges,Right hand Bat,Slow Left arm Orthodox, ,Adam Charles Voges,Adam Charles,
197000%,AD Hales,Right hand Bat,Right arm Medium,Occasional Wicketkeeper,Alexander Daniel Hales,Alexander Daniel,
1266100%,AD Mascarenhas,Right hand Bat,Right arm Fast medium, ,Adrian Dimitri Mascarenhas,Adrian Dimitri,
45700%,AD Mathews,Right hand Bat,Right arm Medium, ,Angelo Davis Mathews,Angelo Davis,
63400%,AD Nath,Right hand Bat,Right arm Medium fast, ,Akshdeep Deependra Nath,Akshdeep Deependra,
143700%,AD Russell,Right hand Bat,Right arm Fast, ,Andre Dwayne Russell,Andre Dwayne,https://ipl-stats-sports-mechanic.s3.ap-south-1.amazonaws.com/ipl/playerimages/Andre%20Russell.png
44800%,AF Milne,Right hand Bat,Right arm Fast, ,Adam Fraser Milne,Adam Fraser,
1448100%,AG Murtaza,Left hand Bat,Slow Left arm Orthodox, ,Ali Ghulam Murtaza,Ali Ghulam,
1550700%,AG Paunikar,Right hand Bat, ,Wicketkeeper,Amit Gajanan Paunikar,Amit Gajanan,
4800%,AJ Finch,Right hand Bat,Slow Left arm Orthodox, ,Aaron James Finch,Aaron James,
922500%,AJ Hosein,Left hand Bat,Slow Left arm Orthodox, ,Akeal Jerome Hosein,Akeal Jerome,
339300%,AJ Turner,Right hand Bat,Right arm Offbreak, ,Ashton James Turner,Ashton James,
35100%,AJ Tye,Right hand Bat,Right arm Medium fast, ,Andrew James Tye,Andrew James,https://ipl-stats-sports-mechanic.s3.ap-south-1.amazonaws.com/ipl/playerimages/Andrew%20Tye.png
605400%,AK Markram,Right hand Bat,Right arm Offbreak, ,Aiden Kyle Markram,Aiden Kyle,
671000%,Akash Deep,Right hand Bat,Right arm Fast medium, ,Akash Deep,Akash Deep,https://www.espncricinfo.com/cricketers/akash-deep-1176959
937100%,Akash Madhwal,Right hand Bat,Right arm Medium fast, ,Akash Madhwal,Akash Madhwal,https://www.espncricinfo.com/cricketers/akash-madhwal-1206039
603600%,Akash Singh,Right hand Bat,Left arm Medium fast, ,Akash Maharaj Singh,Akash Maharaj,
1580700%,AL Menaria,Left hand Bat,Slow Left arm Orthodox, ,Ashok Lakshminarayan Menaria,Ashok Lakshminarayan,
1199000%,AM Nayar,Left hand Bat,Right arm Medium, ,Abhishek Mohan Nayar,Abhishek Mohan,
3400%,AM Rahane,Right hand Bat,Right arm Medium, ,Ajinkya Madhukar Rahane,Ajinkya Madhukar,https://ipl-stats-sports-mechanic.s3.ap-south-1.amazonaws.com/ipl/playerimages/Ajinkya%20Rahane.png
1324800%,AM Salvi,Right hand Bat,Right arm Medium, ,Aavishkar Madhav Salvi,Aavishkar Madhav,
719200%,Aman Hakim Khan,Right hand Bat,Right arm Medium, ,Aman Hakim Khan,Aman Hakim,
1526100%,AN Ahmed,Right hand Bat,Right arm Medium fast, ,Abu Nechim Ahmed,Abu Nechim,
1350800%,AN Ghosh,Right hand Bat,Right arm Medium, ,Arindam Nanigopal Ghosh,Arindam Nanigopal,
3391900%,Anand Rajan,Right hand Bat,Right arm Medium, ,Anand Rajan,Anand Rajan,
1178100%,Aniket Verma,Right hand Bat,Right arm Medium fast,NULL,Aniket Verma,Aniket Verma,https://www.espncricinfo.com/cricketers/aniket-verma-1409976
1445400%,Anirudh Singh,Left hand Bat,Right arm Medium, ,Anirudh Singh,Anirudh Singh,
35900%,Ankit Sharma,Left hand Bat,Slow Left arm Orthodox, ,Ankit Nagendra Sharma,Ankit Nagendra,
72600%,Ankit Soni,Right hand Bat,Legbreak, ,Ankit Soni,Ankit Soni,
636000%,Anmolpreet Singh,Right hand Bat,Right arm Offbreak, ,Anmolpreet Singh,Anmolpreet Singh,
593500%,Anuj Rawat,Left hand Bat, , ,Anuj Rawat,Anuj Rawat,https://www.espncricinfo.com/cricketers/anuj-rawat-1123073
76700%,Anureet Singh,Right hand Bat,Right arm Medium, ,Kathuria Anureet Singh,Kathuria Anureet,
1523900%,AP Dole,Right hand Bat,Right arm Medium fast, ,Aditya Pradip Dole,Aditya Pradip,
3536400%,AP Majumdar,Right hand Bat,Legbreak Googly, ,Anustup Prabir Majumdar,Anustup Prabir,
17700%,AP Tare,Right hand Bat, ,Wicketkeeper,Aditya Prakash Tare,Aditya Prakash,
74400%,AR Bawne,Right hand Bat,Right arm Offbreak, ,Ankit Ramdas Bawne,Ankit Ramdas,
7000%,AR Patel,Left hand Bat,Slow Left arm Orthodox, ,Axar Rajeshbhai Patel,Axar Rajeshbhai,
880500%,Arjun Tendulkar,Left hand Bat,Left arm Medium fast, ,Arjun Sachin Tendulkar,Arjun Sachin,
838900%,Arshad Khan,Left hand Bat,Left arm Medium,NULL,Arshad Khan,Arshad Khan,
1070700%,Arshad Khan (2),Left hand Bat,Left arm Medium, ,Mohd Arshad Khan,Mohd Arshad,
338800%,Arshdeep Singh,Left hand Bat,Left arm Medium fast, ,Arshdeep Singh,Arshdeep Singh,https://ipl-stats-sports-mechanic.s3.ap-south-1.amazonaws.com/ipl/playerimages/Arshdeep%20Singh.png
310000%,AS Joseph,Right hand Bat,Right arm Fast, ,Alzarri Shaheim Joseph,Alzarri Shaheim,
21900%,AS Rajpoot,Right hand Bat,Right arm Medium, ,Ankit Singh Rajpoot,Ankit Singh,
1338800%,AS Raut,Right hand Bat,Legbreak Googly, ,Abhishek Santosh Raut,Abhishek Santosh,
364900%,AS Roy,Left hand Bat,Slow Left arm Orthodox, ,Anukul Sudhakar Roy,Anukul Sudhakar,
1201300%,AS Yadav,Right hand Bat,Right arm Offbreak, ,Arjun Shivlal Yadav,Arjun Shivlal,
1045600%,Ashutosh Sharma,Right hand Bat,NULL,NULL,Ashutosh Sharma,Ashutosh Sharma,https://www.espncricinfo.com/cricketers/ashutosh-sharma-1131978
4178500%,Ashwani Kumar,Left hand Bat,Left arm Medium,NULL,Ashwani Kumar,Ashwani Kumar,https://www.espncricinfo.com/cricketers/ashwani-kumar-1209126
440600%,AT Carey,Left hand Bat, ,Wicketkeeper,Alex Tyson Carey,Alex Tyson,
2700%,AT Rayudu,Right hand Bat,Right arm Offbreak,Occasional Wicketkeeper,Ambati Thirupathi Rayudu,Ambati Thirupathi,
877300%,Atharva Taide,Left hand Bat,Slow Left arm Orthodox, ,Atharva Taide,Atharva Taide,https://www.espncricinfo.com/cricketers/atharva-taide-1125958
652000%,AU Rashid,Right hand Bat,Legbreak, ,Adil Usman Rashid,Adil Usman,
1582900%,AUK Pathan,Right hand Bat,Right arm Medium, ,Asad Ullah Khan Pathan,Asad Ullah,
128600%,Avesh Khan,Right hand Bat,Right arm Fast medium, ,Avesh Khan,Avesh Khan,https://www.espncricinfo.com/cricketers/avesh-khan-694211
3481700%,Azhar Mahmood,Right hand Bat,Right arm Fast medium, ,Azhar Mahmood Sagar,Azhar Mahmood,
1015200%,Azmatullah Omarzai,Right hand Bat,Right arm Medium fast,NULL,Azmatullah Omarzai,Azmatullah Omarzai,https://www.espncricinfo.com/cricketers/azmatullah-omarzai-819429
1193600%,B Akhil,Right hand Bat,Right arm Medium fast, ,Balachandra Akhil,Balachandra Akhil,
1223800%,B Chipli,Right hand Bat,Right arm Medium, ,Bharat Chipli,Bharat Chipli,
1198300%,B Geeves,Right hand Bat,Right arm Fast medium, ,Brett Geeves,Brett Geeves,
753900%,B Indrajith,Right hand Bat,Legbreak Googly, ,Baba Indrajith,Baba Indrajith,
2000%,B Kumar,Right hand Bat,Right arm Medium, ,Bhuvneshwar Kumar Singh,Bhuvneshwar Kumar,https://ipl-stats-sports-mechanic.s3.ap-south-1.amazonaws.com/ipl/playerimages/Bhuvneshwar%20Kumar.png
145200%,B Laughlin,Right hand Bat,Right arm Fast medium, ,Ben Laughlin,Ben Laughlin,
1195900%,B Lee,Right hand Bat,Right arm Fast, ,Brett Lee,Brett Lee,
699900%,B Sai Sudharsan,Left hand Bat,Legbreak, ,Bhardwaj Sai Sudharsan,Bhardwaj Sai,https://ipl-stats-sports-mechanic.s3.ap-south-1.amazonaws.com/ipl/playerimages/Sai%20Sudharsan.png
17600%,B Stanlake,Left hand Bat,Right arm Fast, ,Billy James Stanlake,Billy James,
1536800%,B Sumanth,Right hand Bat,Right arm Medium fast, ,Bodapati Apparao Sumanth,Bodapati Apparao,
1586700%,BA Bhatt,Left hand Bat,Slow Left arm Orthodox, ,Bhargav Ashok Bhatt,Bhargav Ashok,
3700%,BA Stokes,Left hand Bat,Right arm Fast medium, ,Benjamin Andrew Stokes,Benjamin Andrew,
19600%,Basil Thampi,Right hand Bat,Right arm Fast medium, ,Basil Thampi,Basil Thampi,
1308300%,BAW Mendis,Right hand Bat,Right arm Offbreak, ,Balapuwaduge Ajantha Winslow Mendis,Balapuwaduge Ajantha,
4600%,BB McCullum,Right hand Bat,"Right arm Medium, Right arm Offbreak",Wicketkeeper,Brendon Barrie McCullum,Brendon Barrie,
3514600%,BB Samantray,Right hand Bat,Right arm Medium, ,Biplab Bipin Samantray,Biplab Bipin,
49400%,BB Sran,Left hand Bat,Left arm Medium, ,Barinder Balbirsingh Sran,Barinder Balbirsingh,
1700%,BCJ Cutting,Right hand Bat,Right arm Fast medium, ,Benjamin Colin James Cutting,Benjamin Colin,
3854800%,BE Hendricks,Left hand Bat,Left arm Fast medium, ,Beuran Eric Hendricks,Beuran Eric,
1900%,Bipul Sharma,Left hand Bat,Slow Left arm Orthodox, ,Bipul Sharma,Bipul Sharma,
1627600%,BJ Haddin,Right hand Bat, ,Wicketkeeper,Bradley James Haddin,Bradley James,
1231800%,BJ Hodge,Right hand Bat,Right arm Offbreak, ,Bradley John Hodge,Bradley John,
3631100%,BJ Rohrer,Left hand Bat, ,Occasional Wicketkeeper,Ben James Rohrer,Ben James,
4388100%,BKG Mendis,Right hand Bat,Legbreak,NULL,Kusal Mendis,Kusal Mendis,
3606900%,BMAJ Mendis,Left hand Bat,Legbreak, ,Balapuwaduge Manukulasuriya Amith Jeevan Mendis,Balapuwaduge Manukulasuriya,
3797900%,BR Dunk,Left hand Bat,Right arm Offbreak,Wicketkeeper,Ben Robert Dunk,Ben Robert,
1054800%,BR Sharath,Right hand Bat,NULL,Wicketkeeper,Belur Ravi Sharath,Belur Ravi,
3523900%,BW Hilfenhaus,Right hand Bat,Right arm Fast medium, ,Benjamin William Hilfenhaus,Benjamin William,
4325300%,C Bosch,Right hand Bat,Right arm Fast medium,NULL,Corbin Bosch,Corbin Bosch,https://www.espncricinfo.com/cricketers/corbin-bosch-594322
31600%,C de Grandhomme,Right hand Bat,Right arm Medium fast, ,Colin de Grandhomme,Colin de,
1504900%,C Ganapathy,Right hand Bat,Right arm Medium, ,Chandrasekar Ganapathy,Chandrasekar Ganapathy,
838300%,C Green,Right hand Bat,Right arm Fast medium, ,Cameron Donald Green,Cameron Donald,
1547200%,C Madan,Right hand Bat, ,Wicketkeeper,Chandan Madan,Chandan Madan,
139800%,C Munro,Left hand Bat,Right arm Medium fast, ,Colin Munro,Colin Munro,
1397300%,C Nanda,Right hand Bat,Legbreak, ,Chetanya Nanda,Chetanya Nanda,
542200%,C Sakariya,Left hand Bat,Left arm Medium fast, ,Chetan Sakariya,Chetan Sakariya,https://www.espncricinfo.com/cricketers/chetan-sakariya-1131754
274300%,CA Ingram,Left hand Bat,Legbreak,Wicketkeeper,Colin Alexander Ingram,Colin Alexander,
5700%,CA Lynn,Right hand Bat,Slow Left arm Orthodox, ,Christopher Austin Lynn,Christopher Austin,
1446300%,CA Pujara,Right hand Bat,Legbreak, ,Cheteshwar Arvind Pujara,Cheteshwar Arvind,
100%,CH Gayle,Left hand Bat,Right arm Offbreak, ,Christopher Henry Gayle,Christopher Henry,https://ipl-stats-sports-mechanic.s3.ap-south-1.amazonaws.com/ipl/playerimages/Chris%20Gayle.png
18200%,CH Morris,Right hand Bat,Right arm Fast medium, ,Christopher Henry Morris,Christopher Henry,
25800%,CJ Anderson,Left hand Bat,Left arm Medium fast, ,Corey James Anderson,Corey James,
235300%,CJ Dala,Right hand Bat,Right arm Medium, ,Carl Junior Dala,Carl Junior,
1686200%,CJ Ferguson,Right hand Bat,Right arm Medium, ,Callum James Ferguson,Callum James,
477100%,CJ Green,Right hand Bat,Right arm Offbreak, ,Christopher James Green,Christopher James,
132700%,CJ Jordan,Right hand Bat,Right arm Fast medium, ,Christopher James Jordan,Christopher James,
3469700%,CJ McKay,Right hand Bat,Right arm Fast medium, ,Clinton James McKay,Clinton James,
1251800%,CK Kapugedera,Right hand Bat,Right arm Medium,Occasional Wicketkeeper,Chamara Kantha Kapugedera,Chamara Kantha,
1430300%,CK Langeveldt,Right hand Bat,Right arm Fast medium, ,Charl Kenneth Langeveldt,Charl Kenneth,
1193400%,CL White,Right hand Bat,Legbreak Googly, ,Cameron Leon White,Cameron Leon,
3655500%,CM Gautam,Right hand Bat, ,Wicketkeeper,Chidhambaram Muralidharen Gautam,Chidhambaram Muralidharen,
18300%,CR Brathwaite,Right hand Bat,Right arm Fast medium, ,Carlos Ricardo Brathwaite,Carlos Ricardo,
6200%,CR Woakes,Right hand Bat,Right arm Fast medium, ,Christopher Roger Woakes,Christopher Roger,
1226900%,CRD Fernando,Right hand Bat,Right arm Fast medium, ,Congenige Randhi Dilhara Fernando,Congenige Randhi,
282500%,CV Varun,Right hand Bat,Legbreak Googly, ,Varun Chakravarthy Vinod,Varun Chakravarthy,
694400%,D Brevis,Right hand Bat,Legbreak, ,Dewald Brevis,Dewald Brevis,https://ipl-stats-sports-mechanic.s3.ap-south-1.amazonaws.com/ipl/playerimages/Dewald%20Brevis.png
1376300%,D du Preez,Right hand Bat,Right arm Fast medium, ,Dillon du Preez,Dillon du,
1138900%,D Ferreira,Right hand Bat,Right arm Offbreak,Wicketkeeper,Donovan Ferreira,Donovan Ferreira,https://www.espncricinfo.com/cricketers/donovan-ferreira-698315
880800%,D Jansen,Right hand Bat,Left arm Fast,NULL,Duan Jansen,Duan Jansen,
1210500%,D Kalyankrishna,Right hand Bat,Right arm Medium fast, ,Doddapaneni Kalyankrishna,Doddapaneni Kalyankrishna,
407100%,D Padikkal,Left hand Bat,Right arm Offbreak, ,Devdutt Padikkal,Devdutt Padikkal,https://www.espncricinfo.com/cricketers/devdutt-padikkal-1119026
679500%,D Pretorius,Right hand Bat,Right arm Medium fast, ,Dwaine Pretorius,Dwaine Pretorius,
1197000%,D Salunkhe,Right hand Bat,Legbreak, ,Dinesh Salunkhe,Dinesh Salunkhe,
906900%,D Wiese,Right hand Bat,Right arm Medium fast, ,David Wiese,David Wiese,
7200%,DA Miller,Left hand Bat,Right arm Offbreak, ,David Andrew Miller,David Andrew,
1200%,DA Warner,Left hand Bat,Legbreak, ,David Andrew Warner,David Andrew,https://ipl-stats-sports-mechanic.s3.ap-south-1.amazonaws.com/ipl/playerimages/David%20Warner.png
3435600%,DAJ Bracewell,Right hand Bat,Right arm Fast medium, ,Douglas Andrew John Bracewell,Douglas Andrew,
1225200%,DB Das,Right hand Bat,Legbreak Googly, ,Debabrata Baidya Das,Debabrata Baidya,
1236400%,DB Ravi Teja,Right hand Bat,Legbreak Googly, ,Dwaraka Bhamidipati Ravi Teja,Dwaraka Bhamidipati,
1514000%,DE Bollinger,Left hand Bat,Left arm Fast medium, ,Douglas Erwin Bollinger,Douglas Erwin,
700500%,DG Nalkande,Right hand Bat,Right arm Fast medium, ,Darshan Girish Nalkande,Darshan Girish,
1624900%,DH Yagnik,Left hand Bat, , ,Dishant Harendra Yagnik,Dishant Harendra,
847000%,Dhruv Jurel,Right hand Bat, , ,Dhruv Chand Jurel,Dhruv Chand,
139300%,DJ Bravo,Right hand Bat,Right arm Medium, ,Dwayne John Bravo,Dwayne John,https://ipl-stats-sports-mechanic.s3.ap-south-1.amazonaws.com/ipl/playerimages/Dwayne%20Bravo.png
3438200%,DJ Harris,Right hand Bat,Right arm Medium, ,Daniel Joseph Harris,Daniel Joseph,
1600%,DJ Hooda,Right hand Bat,Right arm Offbreak, ,Deepak Jagbir Hooda,Deepak Jagbir,
1192200%,DJ Hussey,Right hand Bat,Right arm Offbreak, ,David John Hussey,David John,
1584600%,DJ Jacobs,Right hand Bat,Right arm Medium,Wicketkeeper,David Johan Jacobs,David Johan,
595500%,DJ Malan,Left hand Bat,Legbreak, ,Dawid Johannes Malan,Dawid Johannes,
749600%,DJ Mitchell,Right hand Bat,Right arm Medium, ,Daryl Joseph Mitchell,Daryl Joseph,
3892400%,DJ Muthuswami,Right hand Bat,Right arm Medium, ,Domnic Joseph Muthuswami,Domnic Joseph,
1198700%,DJ Thornely,Right hand Bat,"Right arm Medium, Right arm Offbreak", ,Dominic John Thornely,Dominic John,
214200%,DJ Willey,Left hand Bat,Left arm Fast medium, ,David Jonathan Willey,David Jonathan,
3661000%,DJG Sammy,Right hand Bat,Right arm Medium, ,Daren Julius Garvey Sammy,Daren Julius,
144300%,DJM Short,Left hand Bat,Left arm Wrist spin, ,D'Arcy John Matthew Short,D'Arcy John,
4100%,DL Chahar,Right hand Bat,Right arm Medium, ,Deepak Lokandersingh Chahar,Deepak Lokandersingh,
1198100%,DL Vettori,Left hand Bat,Slow Left arm Orthodox, ,Daniel Luca Vettori,Daniel Luca,
69700%,DM Bravo,Left hand Bat,Right arm Medium,Occasional Wicketkeeper,Darren Michael Bravo,Darren Michael,
1219300%,DNT Zoysa,Left hand Bat,Left arm Fast medium, ,Demuni Nuwan Tharanga Zoysa,Demuni Nuwan,
665700%,DP Conway,Left hand Bat,Right arm Medium,Occasional Wicketkeeper,Devon Philip Conway,Devon Philip,
1324500%,DP Nannes,Right hand Bat,Left arm Fast, ,Dirk Peter Nannes,Dirk Peter,
1236900%,DP Vijaykumar,Right hand Bat,Right arm Medium, ,David Paidikalva Vijaykumar,David Paidikalva,
1203200%,DPMD Jayawardene,Right hand Bat,Right arm Medium, ,Denagamage Proboth Mahela de Silva Jayawardene,Denagamage Proboth,
1464900%,DR Martyn,Right hand Bat,Right arm Medium, ,Damien Richard Martyn,Damien Richard,
432000%,DR Sams,Right hand Bat,Left arm Fast medium, ,Daniel Richard Sams,Daniel Richard,
213800%,DR Shorey,Right hand Bat,Right arm Offbreak, ,Dhruv Ranjan Shorey,Dhruv Ranjan,
5000%,DR Smith,Right hand Bat,Right arm Medium, ,Dwayne Romel Smith,Dwayne Romel,
5400%,DS Kulkarni,Right hand Bat,Right arm Medium, ,Dhawal Sunil Kulkarni,Dhawal Sunil,
1196700%,DS Lehmann,Left hand Bat,Slow Left arm Orthodox, ,Darren Scott Lehmann,Darren Scott,
1183300%,DS Rathi,Right hand Bat,Legbreak,NULL,Digvesh Singh Rathi,Digvesh Singh,https://www.espncricinfo.com/cricketers/digvesh-rathi-1460529
16100%,DT Christian,Right hand Bat,Right arm Fast medium, ,Daniel Trevor Christian,Daniel Trevor,
1246500%,DT Patil,Right hand Bat, ,Wicketkeeper,Devraj Thyagaraj Patil,Devraj Thyagaraj,
345100%,DW Steyn,Right hand Bat,Right arm Fast, ,Dale Willem Steyn,Dale Willem,
137700%,E Lewis,Left hand Bat, , ,Evin Lewis,Evin Lewis,
4213300%,E Malinga,Left hand Bat,Right arm Fast medium,NULL,Kiribathgala Kankanamalage Eshan Malinga Dharmasena,Kiribathgala Kankanamalage,
40000%,EJG Morgan,Left hand Bat,Right arm Medium,Occasional Wicketkeeper,Eoin Joseph Gerard Morgan,Eoin Joseph,
4128600%,ER Dwivedi,Right hand Bat, ,Wicketkeeper,Eklavya Rakesh Dwivedi,Eklavya Rakesh,
4102000%,F Behardien,Right hand Bat,Right arm Fast medium, ,Farhaan Behardien,Farhaan Behardien,
26700%,F du Plessis,Right hand Bat,Legbreak, ,Francois du Plessis,Francois du,https://ipl-stats-sports-mechanic.s3.ap-south-1.amazonaws.com/ipl/playerimages/Faf%20Du%20Plessis.png
562900%,FA Allen,Right hand Bat,Slow Left arm Orthodox, ,Fabian Anthony Allen,Fabian Anthony,
784300%,Fazalhaq Farooqi,Right hand Bat,Left arm Fast medium, ,Fazalhaq Farooqi,Fazalhaq Farooqi,https://www.espncricinfo.com/cricketers/fazalhaq-farooqi-974175
1327100%,FH Edwards,Right hand Bat,Right arm Fast, ,Fidel Henderson Edwards,Fidel Henderson,
1472600%,FY Fazal,Left hand Bat,Right arm Medium, ,Faiz Yakub Fazal,Faiz Yakub,
1016800%,G Coetzee,Right hand Bat,Right arm Fast,NULL,Gerald Coetzee,Gerald Coetzee,https://www.espncricinfo.com/cricketers/gerald-coetzee-596010
5600%,G Gambhir,Left hand Bat,Legbreak, ,Gautam Gambhir,Gautam Gambhir,https://documents.iplt20.com/playerheadshot/ipl/284/84.png
1231400%,Gagandeep Singh,Right hand Bat,Right arm Medium fast, ,Gagandeep Singh,Gagandeep Singh,
3452200%,GB Hogg,Left hand Bat,Left arm Wrist spin, ,George Bradley Hogg,George Bradley,
1210700%,GC Smith,Left hand Bat,Right arm Offbreak, ,Graeme Craig Smith,Graeme Craig,
282400%,GC Viljoen,Right hand Bat,Right arm Fast, ,GC Viljoen,GC Viljoen,
1198400%,GD McGrath,Right hand Bat,Right arm Fast medium, ,Glenn Donald McGrath,Glenn Donald,
603300%,GD Phillips,Right hand Bat,Right arm Offbreak,Wicketkeeper,Glenn Dominic Phillips,Glenn Dominic,
291000%,GH Vihari,Right hand Bat,Right arm Offbreak, ,Gade Hanuma Vihari,Gade Hanuma,
604700%,GHS Garton,Left hand Bat,Left arm Fast, ,George Henry Simmons Garton,George Henry,
1388200%,GJ Bailey,Right hand Bat,Right arm Medium, ,George John Bailey,George John,
7100%,GJ Maxwell,Right hand Bat,Right arm Offbreak, ,Glenn James Maxwell,Glenn James,https://ipl-stats-sports-mechanic.s3.ap-south-1.amazonaws.com/ipl/playerimages/Glenn%20Maxwell.png
1365100%,GR Napier,Right hand Bat,Right arm Medium, ,Graham Richard Napier,Graham Richard,
3966100%,GS Sandhu,Left hand Bat,Right arm Fast medium, ,Gurinder Singh Sandhu,Gurinder Singh,
1137600%,Gulbadin Naib,Right hand Bat,Right arm Medium fast,NULL,Gulbadin Naib,Gulbadin Naib,
54600%,Gurkeerat Singh,Right hand Bat,Right arm Offbreak, ,Gurkeerat Rupinder Singh,Gurkeerat Rupinder,
918100%,Gurnoor Brar,Left hand Bat,Right arm Fast, ,Gurnoor Brar,Gurnoor Brar,
1285000%,H Das,Right hand Bat, ,Wicketkeeper,Halhadar Das,Halhadar Das,
174000%,H Klaasen,Right hand Bat,Right arm Offbreak,Wicketkeeper,Heinrich Klaasen,Heinrich Klaasen,https://www.espncricinfo.com/cricketers/heinrich-klaasen-436757
993100%,H Sharma,Right hand Bat,Legbreak, ,Himanshu Sharma,Himanshu Sharma,
22800%,Harbhajan Singh,Right hand Bat,Right arm Offbreak, ,Harbhajan Singh,Harbhajan Singh,
1326700%,Harmeet Singh,Right hand Bat,Right arm Medium, ,Harmeet Singh Bansal,Harmeet Singh,
349500%,Harpreet Brar,Left hand Bat,Slow Left arm Orthodox, ,Harpreet Brar,Harpreet Brar,https://www.espncricinfo.com/cricketers/harpreet-brar-1168641
877600%,Harpreet Singh,Left hand Bat,Right arm Medium, ,Harpreet Singh Bhatia,Harpreet Singh,
4364900%,Harsh Dubey,Left hand Bat,Slow Left arm Orthodox,NULL,Harsh Surendra Dubey,Harsh Surendra,
754600%,Harshit Rana,Right hand Bat,Right arm Fast, ,Harshit Pradeep Rana,Harshit Pradeep,https://ipl-stats-sports-mechanic.s3.ap-south-1.amazonaws.com/ipl/playerimages/Harshit%20Rana.png
837200%,HC Brook,Right hand Bat,Right arm Medium, ,Harry Cherrington Brook,Harry Cherrington,
707700%,HE van der Dussen,Right hand Bat,Legbreak, ,Hendrik Erasmus van der Dussen,Hendrik Erasmus,
315600%,HF Gurney,Right hand Bat,Left arm Fast medium, ,Harry Frederick Gurney,Harry Frederick,
1229500%,HH Gibbs,Right hand Bat,Right arm Bowler, ,Herschelle Herman Gibbs,Herschelle Herman,
3000%,HH Pandya,Right hand Bat,Right arm Medium fast, ,Hardik Himanshu Pandya,Hardik Himanshu,
4211600%,Himmat Singh,Right hand Bat,Right arm Offbreak,NULL,Himmat Singh,Himmat Singh,https://www.espncricinfo.com/cricketers/himmat-singh-805235
6700%,HM Amla,Right hand Bat,"Right arm Medium, Right arm Offbreak", ,Hashim Mahomed Amla,Hashim Mahomed,
736500%,HR Shokeen,Right hand Bat,Right arm Offbreak, ,Hrithik Rakesh Shokeen,Hrithik Rakesh,
128500%,HV Patel,Right hand Bat,Right arm Medium, ,Harshal Vikram Patel,Harshal Vikram,https://ipl-stats-sports-mechanic.s3.ap-south-1.amazonaws.com/ipl/playerimages/Harshal%20Patel.png
1674300%,I Malhotra,Right hand Bat,Right arm Medium fast, ,Ishan Malhotra,Ishan Malhotra,
30800%,I Sharma,Right hand Bat,Right arm Fast medium, ,Ishant Sharma,Ishant Sharma,https://www.espncricinfo.com/cricketers/ishant-sharma-236779
407800%,I Udana,Right hand Bat,Left arm Medium fast, ,Isuru Udana Tillakaratna,Isuru Udana,
3653600%,IC Pandey,Right hand Bat,Right arm Medium, ,Ishwar Chand Pandey,Ishwar Chand,
651900%,IC Porel,Right hand Bat,Right arm Medium, ,Ishan Chandranath Porel,Ishan Chandranath,
81100%,IK Pathan,Left hand Bat,Left arm Medium fast, ,Irfan Khan Pathan,Irfan Khan,
4400%,Imran Tahir,Right hand Bat,Legbreak Googly, ,Mohammad Imran Tahir,Mohammad Imran,
17300%,Iqbal Abdulla,Left hand Bat,Slow Left arm Orthodox, ,Sayed Iqbal Abdulla,Sayed Iqbal,
131400%,IR Jaggi,Right hand Bat,Legbreak Googly, ,Ishank Rajiv Jaggi,Ishank Rajiv,
199000%,IS Sodhi,Right hand Bat,Legbreak, ,Inderbir Singh Sodhi,Inderbir Singh,
34700%,Ishan Kishan,Left hand Bat, ,Wicketkeeper,Ishan Pranav Kumar Pandey Kishan,Ishan Pranav,https://ipl-stats-sports-mechanic.s3.ap-south-1.amazonaws.com/ipl/playerimages/Ishan%20Kishan.png
1254600%,J Arunkumar,Right hand Bat,Right arm Offbreak, ,Jagadeesh Arunkumar,Jagadeesh Arunkumar,
1413600%,J Botha,Right hand Bat,Right arm Offbreak, ,Johan Botha,Johan Botha,
1066700%,J Fraser-McGurk,Right hand Bat,Legbreak Googly,NULL,Jake Fraser-McGurk,Jake Fraser,
830500%,J Little,Right hand Bat,Left arm Fast medium, ,Joshua Brian Little,Joshua Brian,
4175800%,J Overton,Right hand Bat,Right arm Fast,NULL,Jamie Overton,Jamie Overton,https://www.espncricinfo.com/cricketers/jamie-overton-510530
379300%,J Suchith,Left hand Bat,Slow Left arm Orthodox, ,Jagadeesha Suchith,Jagadeesha Suchith,
1629600%,J Syed Mohammad,Left hand Bat,Slow Left arm Orthodox, ,Jamaluddin Syed Mohammad,Jamaluddin Syed,
1479800%,J Theron,Right hand Bat,Right arm Medium fast, ,Juan Theron,Juan Theron,
52500%,J Yadav,Right hand Bat,Right arm Offbreak, ,Jayant Yadav,Jayant Yadav,https://www.espncricinfo.com/cricketers/jayant-yadav-447587
1223400%,JA Morkel,Left hand Bat,Right arm Medium fast, ,Johannes Albertus Morkel,Johannes Albertus,
540800%,JA Richardson,Right hand Bat,Right arm Fast, ,Jhye Avon Richardson,Jhye Avon,
556200%,Jalaj S Saxena,Right hand Bat,"Right arm Offbreak, Legbreak Googly", ,Jalaj Sahai Saxena,Jalaj Sahai,
1421600%,Jaskaran Singh,Right hand Bat,Right arm Medium, ,Jaskaran Singh Buttar,Jaskaran Singh,
183300%,JC Archer,Right hand Bat,Right arm Fast, ,Jofra Chioke Archer,Jofra Chioke,
2400%,JC Buttler,Right hand Bat, ,Wicketkeeper,Joseph Charles Buttler,Joseph Charles,https://ipl-stats-sports-mechanic.s3.ap-south-1.amazonaws.com/ipl/playerimages/Jos%20Buttler.png
1322800%,JD Ryder,Left hand Bat,Right arm Medium, ,Jesse Daniel Ryder,Jesse Daniel,
43800%,JD Unadkat,Right hand Bat,Left arm Medium, ,Jaydev Dipakbhai Unadkat,Jaydev Dipakbhai,
1194600%,JDP Oram,Left hand Bat,Right arm Fast medium, ,Jacob David Philip Oram,Jacob David,
427400%,JDS Neesham,Left hand Bat,Right arm Medium fast, ,James Douglas Sheahan Neesham,James Douglas,
950800%,JE Root,Right hand Bat,"Right arm Offbreak, Legbreak", ,Joseph Edward Root,Joseph Edward,
1638200%,JE Taylor,Right hand Bat,Right arm Fast, ,Jerome Everton Taylor,Jerome Everton,
1585100%,JEC Franklin,Left hand Bat,Left arm Medium, ,James Edward Charles Franklin,James Edward,
4328200%,JG Bethell,Left hand Bat,Slow Left arm Orthodox,NULL,Jacob Graham Bethell,Jacob Graham,
1193300%,JH Kallis,Right hand Bat,Right arm Fast medium, ,Jacques Henry Kallis,Jacques Henry,
3300%,JJ Bumrah,Right hand Bat,Right arm Fast, ,Jasprit Jasbirsingh Bumrah,Jasprit Jasbirsingh,
4500%,JJ Roy,Right hand Bat, , ,Jason Jonathan Roy,Jason Jonathan,
1600700%,JJ van der Wath,Right hand Bat,Right arm Medium fast, ,Johannes Jacobus van der Wath,Johannes Jacobus,
324600%,JL Denly,Right hand Bat,Legbreak, ,Joseph Liam Denly,Joseph Liam,
402300%,JL Pattinson,Left hand Bat,Right arm Fast medium, ,James Lee Pattinson,James Lee,
271900%,JM Bairstow,Right hand Bat,Right arm Medium,Wicketkeeper,Jonathan Marc Bairstow,Jonathan Marc,
1454100%,JM Kemp,Right hand Bat,Right arm Fast medium, ,Justin Miles Kemp,Justin Miles,
688000%,JM Sharma,Right hand Bat, ,Wicketkeeper,Jitesh Mohan Sharma,Jitesh Mohan,
409800%,JO Holder,Right hand Bat,Right arm Medium fast, ,Jason Omar Holder,Jason Omar,
1194800%,Joginder Sharma,Right hand Bat,Right arm Fast medium, ,Joginder Sharma,Joginder Sharma,
301100%,JP Behrendorff,Right hand Bat,Left arm Fast medium, ,Jason Paul Behrendorff,Jason Paul,
196400%,JP Duminy,Left hand Bat,Right arm Offbreak, ,Jean-Paul Duminy,Jean-Paul,
56900%,JP Faulkner,Right hand Bat,Left arm Fast medium, ,James Peter Faulkner,James Peter,
4222000%,JP Inglis,Right hand Bat,NULL,Wicketkeeper,Joshua Patrick Inglis,Joshua Patrick,
232900%,JPR Scantlebury-Searles,Right hand Bat,Right arm Fast medium, ,Javon Philip Ramon Scantlebury-Searles,Javon Philip,
466400%,JR Hazlewood,Left hand Bat,Right arm Fast medium, ,Josh Reginald Hazlewood,Josh Reginald,https://ipl-stats-sports-mechanic.s3.ap-south-1.amazonaws.com/ipl/playerimages/Josh%20Hazlewood.png
1195300%,JR Hopes,Right hand Bat,Right arm Medium, ,James Redfern Hopes,James Redfern,
417000%,JR Philippe,Right hand Bat, ,Wicketkeeper,Joshua Ryan Philippe,Joshua Ryan,
3864700%,JW Hastings,Right hand Bat,Right arm Fast medium, ,John Wayne Hastings,John Wayne,
1195200%,K Goel,Left hand Bat,Right arm Offbreak, ,Karan Goel,Karan Goel,
144800%,K Gowtham,Right hand Bat,Right arm Offbreak, ,Krishnappa Gowtham,Krishnappa Gowtham,
762100%,K Kartikeya,Right hand Bat,"Slow Left arm Orthodox, Left arm Wrist spin", ,Kumar Kartikeya Singh,Kumar Kartikeya,
142900%,K Khejroliya,Left hand Bat,Left arm Medium fast, ,Kulwant Khejroliya,Kulwant Khejroliya,https://www.espncricinfo.com/cricketers/kulwant-khejroliya-1083033
59000%,K Rabada,Left hand Bat,Right arm Fast, ,Kagiso Rabada,Kagiso Rabada,https://ipl-stats-sports-mechanic.s3.ap-south-1.amazonaws.com/ipl/playerimages/Kagiso%20Rabada.png
3851500%,K Santokie,Left hand Bat,Left arm Medium, ,Krishmar Santokie,Krishmar Santokie,
3545900%,K Upadhyay,Right hand Bat,Right arm Medium, ,Krishnakant Upadhyay,Krishnakant Upadhyay,
611500%,K Yadav,Left hand Bat,Left arm Fast medium, ,Kuldip Yadav,Kuldip Yadav,
535400%,KA Jamieson,Right hand Bat,Right arm Fast medium, ,Kyle Alex Jamieson,Kyle Alex,
1060400%,KA Maharaj,Right hand Bat,Slow Left arm Orthodox,NULL,Keshav Athmanand Maharaj,Keshav Athmanand,
2900%,KA Pollard,Right hand Bat,Right arm Medium, ,Kieron Adrian Pollard,Kieron Adrian,https://ipl-stats-sports-mechanic.s3.ap-south-1.amazonaws.com/ipl/playerimages/Kieron%20Pollard.png
1498500%,KAJ Roach,Right hand Bat,Right arm Fast medium, ,Kemar Andre Jamal Roach,Kemar Andre,
1204100%,Kamran Akmal,Right hand Bat, ,Wicketkeeper,Kamran Akmal,Kamran Akmal,
1322700%,Kamran Khan,Left hand Bat,Left arm Medium fast, ,Kamran Khan,Kamran Khan,
3869100%,Karanveer Singh,Right hand Bat,Legbreak Googly, ,Karanveer Singh,Karanveer Singh,
4330000%,Karim Janat,Right hand Bat,Right arm Medium,NULL,Karim Janat,Karim Janat,https://www.espncricinfo.com/cricketers/karim-janat-793467
421200%,Kartik Tyagi,Right hand Bat,Right arm Fast, ,Kartik Tyagi,Kartik Tyagi,
1496100%,KB Arun Karthik,Right hand Bat,Legbreak Googly,Occasional Wicketkeeper,Konda Bhaskir Arun Karthik,Konda Bhaskir,
40500%,KC Cariappa,Right hand Bat,Legbreak, ,Konganda Charamanna Cariappa,Konganda Charamanna,
1195400%,KC Sangakkara,Left hand Bat,Right arm Offbreak,Wicketkeeper,Kumar Chokshanada Sangakkara,Kumar Chokshanada,
4900%,KD Karthik,Right hand Bat,Right arm Offbreak,Wicketkeeper,Krishnakumar Dinesh Karthik,Krishnakumar Dinesh,
3408900%,KH Devdhar,Right hand Bat, ,Wicketkeeper,Kedar Hemant Devdhar,Kedar Hemant,
2800%,KH Pandya,Left hand Bat,Slow Left arm Orthodox, ,Krunal Himanshu Pandya,Krunal Himanshu,https://ipl-stats-sports-mechanic.s3.ap-south-1.amazonaws.com/ipl/playerimages/Krunal%20Pandya.png
4038500%,KJ Abbott,Right hand Bat,Right arm Fast medium, ,Kyle John Abbott,Kyle John,
266200%,KK Ahmed,Right hand Bat,Left arm Medium, ,Khaleel Khursheed Ahmed,Khaleel Khursheed,
3434300%,KK Cooper,Right hand Bat,Right arm Medium, ,Kevon Keston Cooper,Kevon Keston,
17900%,KK Nair,Right hand Bat,Right arm Offbreak, ,Karun Nair,Karun Nair,https://www.espncricinfo.com/cricketers/karun-nair-398439
413400%,KL Nagarkoti,Right hand Bat,Right arm Fast, ,Kamlesh Lachham Nagarkoti,Kamlesh Lachham,
140900%,KL Rahul,Right hand Bat, ,Wicketkeeper,Kannaur Lokesh Rahul,Kannaur Lokesh,https://ipl-stats-sports-mechanic.s3.ap-south-1.amazonaws.com/ipl/playerimages/KL%20Rahul.png
202300%,KM Asif,Right hand Bat,Right arm Medium, ,KM Asif,KM Asif,
400%,KM Jadhav,Right hand Bat,Right arm Offbreak, ,Kedar Mahadav Jadhav,Kedar Mahadav,
274500%,KMA Paul,Right hand Bat,Right arm Fast medium, ,Keemo Mandela Angus Paul,Keemo Mandela,
1641400%,KMDN Kulasekara,Right hand Bat,Right arm Fast medium, ,Kulasekara Mudiyanselage Dinesh Nuwan Kulasekara,Kulasekara Mudiyanselage,
1345800%,KP Appanna,Right hand Bat,Slow Left arm Orthodox, ,Kotarangada Prabhu Appanna,Kotarangada Prabhu,
1323100%,KP Pietersen,Right hand Bat,Right arm Offbreak, ,Kevin Peter Pietersen,Kevin Peter,
833300%,KR Mayers,Left hand Bat,Right arm Medium, ,Kyle Rico Mayers,Kyle Rico,
708300%,KR Sen,Right hand Bat,Right arm Fast, ,Kuldeep Rampal Sen,Kuldeep Rampal,
597600%,KS Bharat,Right hand Bat, ,Wicketkeeper,Kona Srikar Bharat,Kona Srikar,
4345100%,KS Rathore,Left hand Bat,NULL,Wicketkeeper,Kunal Singh Rathore,Kunal Singh,
790200%,KS Sharma,Right hand Bat,Right arm Offbreak, ,Karan Sunny Sharma,Karan Sunny,
53100%,KS Williamson,Right hand Bat,Right arm Offbreak, ,Kane Stuart Williamson,Kane Stuart,https://ipl-stats-sports-mechanic.s3.ap-south-1.amazonaws.com/ipl/playerimages/Kane%20Williamson.png
1023200%,KT Maphaka,Left hand Bat,Left arm Fast,NULL,Kwena Maphaka,Kwena Maphaka,https://www.espncricinfo.com/cricketers/kwena-maphaka-1294342
6400%,Kuldeep Yadav,Left hand Bat,Left arm Wrist spin, ,Kuldeep Yadav,Kuldeep Yadav,https://www.espncricinfo.com/cricketers/kuldeep-yadav-559235
1052800%,Kumar Kushagra,Right hand Bat,NULL,Wicketkeeper,Kumar Kushagra,Kumar Kushagra,https://www.espncricinfo.com/cricketers/kumar-kushagra-1207295
67600%,KV Sharma,Left hand Bat,Legbreak Googly, ,Karn Vinod Sharma,Karn Vinod,
568600%,KW Richardson,Right hand Bat,Right arm Fast medium, ,Kane William Richardson,Kane William,
1533900%,L Ablish,Right hand Bat,Right arm Medium fast, ,Love Ablish,Love Ablish,
1252300%,L Balaji,Right hand Bat,Right arm Medium fast, ,Lakshmipathy Balaji,Lakshmipathy Balaji,
202400%,L Ngidi,Right hand Bat,Right arm Fast medium, ,Lungisani True-man Ngidi,Lungisani True,
1198500%,L Ronchi,Right hand Bat, ,Wicketkeeper,Luke Ronchi,Luke Ronchi,
1016000%,L Wood,Left hand Bat,Left arm Fast medium,NULL,Luke Wood,Luke Wood,
1369200%,LA Carseldine,Left hand Bat,Left arm Medium, ,Lee Andrew Carseldine,Lee Andrew,
1266900%,LA Pomersbach,Left hand Bat,Right arm Offbreak, ,Luke Anthony Pomersbach,Luke Anthony,
547300%,Lalit Yadav,Right hand Bat,Right arm Offbreak, ,Lalit Yadav,Lalit Yadav,
1106800%,LB Williams,Left hand Bat,Right arm Medium fast,NULL,Lizaad Buyron Williams,Lizaad Buyron,
185600%,LE Plunkett,Right hand Bat,Right arm Fast, ,Liam Edward Plunkett,Liam Edward,
36100%,LH Ferguson,Right hand Bat,Right arm Fast, ,Lachlan Hammond Ferguson,Lachlan Hammond,
557300%,LI Meriwala,Left hand Bat,Left arm Fast medium, ,Lukman Iqbal Meriwala,Lukman Iqbal,
893000%,Liton Das,Right hand Bat,Right arm Offbreak,Wicketkeeper,Litton Kumer Das,Litton Kumer,
3495900%,LJ Wright,Right hand Bat,Right arm Medium, ,Luke James Wright,Luke James,
103500%,LMP Simmons,Right hand Bat,Right arm Medium fast,Occasional Wicketkeeper,Lendl Mark Platter Simmons,Lendl Mark,
1236200%,LPC Silva,Right hand Bat,Legbreak, ,Lindamlilage Prageeth Chamara Silva,Lindamlilage Prageeth,
1192400%,LR Shukla,Right hand Bat,Right arm Medium, ,Laxmi Ratan Shukla,Laxmi Ratan,
1199800%,LRPL Taylor,Right hand Bat,Right arm Offbreak, ,Luteru Ross Poutoa Lote Taylor,Luteru Ross,
328400%,LS Livingstone,Right hand Bat,"Right arm Offbreak, Legbreak", ,Liam Stephen Livingstone,Liam Stephen,
199800%,M Ashwin,Right hand Bat,Legbreak Googly, ,Murugan Ashwin,Murugan Ashwin,
3430400%,M de Lange,Right hand Bat,Right arm Fast, ,Marchant de Lange,Marchant de,
534300%,M Jansen,Right hand Bat,Left arm Medium fast, ,Marco Jansen,Marco Jansen,https://www.espncricinfo.com/cricketers/marco-jansen-696401
1196600%,M Kaif,Right hand Bat,Right arm Offbreak, ,Mohammad Kaif,Mohammad Kaif,
1192800%,M Kartik,Left hand Bat,Slow Left arm Orthodox, ,Murali Kartik,Murali Kartik,
1652900%,M Klinger,Right hand Bat, , ,Michael Klinger,Michael Klinger,
1198000%,M Manhas,Right hand Bat,Right arm Offbreak,Wicketkeeper,Mithun Manhas,Mithun Manhas,
138600%,M Markande,Right hand Bat,Legbreak, ,Mayank Markande,Mayank Markande,https://www.espncricinfo.com/cricketers/mayank-markande-1081442
1386300%,M Morkel,Left hand Bat,Right arm Fast, ,Morne Morkel,Morne Morkel,https://scores.iplt20.com/ipl/images/default-player-statsImage.png
1195100%,M Muralitharan,Right hand Bat,Right arm Offbreak, ,Muthiah Muralidaran,Muthiah Muralidaran,
1234500%,M Ntini,Right hand Bat,Right arm Fast, ,Makhaya Ntini,Makhaya Ntini,
800700%,M Pathirana,Right hand Bat,Right arm Fast, ,Matheesha Pathirana,Matheesha Pathirana,https://www.espncricinfo.com/cricketers/matheesha-pathirana-1194795
218800%,M Prasidh Krishna,Right hand Bat,Right arm Fast medium, ,Muralikrishna Prasidh Krishna,Muralikrishna Prasidh,https://ipl-stats-sports-mechanic.s3.ap-south-1.amazonaws.com/ipl/playerimages/Prasidh%20Krishna.png
1196900%,M Rawat,Right hand Bat, ,Wicketkeeper,Mahesh Rawat,Mahesh Rawat,
540700%,M Shahrukh Khan,Right hand Bat,Right arm Offbreak, ,Masood Shahrukh Khan,Masood Shahrukh,
1030300%,M Siddharth,Right hand Bat,Slow Left arm Orthodox,NULL,Manimaran Siddharth,Manimaran Siddharth,
701700%,M Theekshana,Right hand Bat,Right arm Offbreak, ,Morawakage Maheesh Theekshana,Morawakage Maheesh,
4357400%,M Tiwari,Right hand Bat,Right arm Medium fast,NULL,Madhav Tiwari,Madhav Tiwari,https://www.espncricinfo.com/cricketers/madhav-tiwari-1460385
163000%,M Vijay,Right hand Bat,Right arm Offbreak, ,Murali Vijay,Murali Vijay,
6800%,M Vohra,Right hand Bat,Right arm Medium, ,Manan Vohra,Manan Vohra,
3500%,MA Agarwal,Right hand Bat,Right arm Offbreak, ,Mayank Anurag Agarwal,Mayank Anurag,
1199300%,MA Khote,Right hand Bat,Right arm Medium, ,Musavir Asmat Khote,Musavir Asmat,
1010900%,MA Starc,Left hand Bat,Left arm Fast, ,Mitchell Aaron Starc,Mitchell Aaron,https://ipl-stats-sports-mechanic.s3.ap-south-1.amazonaws.com/ipl/playerimages/Mitchell%20Starc.png
139600%,MA Wood,Right hand Bat,Right arm Fast, ,Mark Andrew Wood,Mark Andrew,
200%,Mandeep Singh,Right hand Bat,Right arm Medium, ,Mandeep Singh,Mandeep Singh,
1420100%,Mashrafe Mortaza,Right hand Bat,Right arm Fast medium, ,Mashrafe Bin Mortaza,Mashrafe Bin,
895300%,Mayank Dagar,Right hand Bat,Slow Left arm Orthodox, ,Mayank J Dagar,Mayank J,
1510800%,MB Parmar,Right hand Bat,Right arm Offbreak, ,Mohnish Bipinbhai Parmar,Mohnish Bipinbhai,
1400%,MC Henriques,Right hand Bat,Right arm Fast medium, ,Moises Constantino Henriques,Moises Constantino,
3589200%,MC Juneja,Right hand Bat,Right arm Offbreak, ,Manprit Charanjit Juneja,Manprit Charanjit,
1475700%,MD Mishra,Right hand Bat,Right arm Offbreak, ,Mohnish Dinesh Mishra,Mohnish Dinesh,
974800%,MD Shanaka,Right hand Bat,Right arm Medium, ,Madagamagamage Dasun Shanaka,Madagamagamage Dasun,
3596600%,MDKJ Perera,Left hand Bat, ,Wicketkeeper,Mathurage Don Kusal Janith Perera,Mathurage Don,
1194300%,MEK Hussey,Left hand Bat,Right arm Medium, ,Michael Edward Killeen Hussey,Michael Edward,"https://img1.hscicdn.com/image/upload/f_auto,t_ds_square_w_320,q_50/lsci/db/PICTURES/CMS/319700/319708.1.png"
1198200%,MF Maharoof,Right hand Bat,Right arm Fast medium, ,Mohamed Farveez Maharoof,Mohamed Farveez,
839600%,MG Bracewell,Left hand Bat,Right arm Offbreak,Wicketkeeper,Michael Gordon Bracewell,Michael Gordon,
60400%,MG Johnson,Left hand Bat,Left arm Fast, ,Mitchell Guy Johnson,Mitchell Guy,
3734700%,MG Neser,Right hand Bat,Right arm Medium fast, ,Michael Gertges Neser,Michael Gertges,
1237200%,Misbah-ul-Haq,Right hand Bat,Legbreak, ,Misbah-ul-Haq Khan Niazi,Misbah-ul,
3515300%,MJ Clarke,Right hand Bat,Slow Left arm Orthodox, ,Michael John Clarke,Michael John,
76000%,MJ Guptill,Right hand Bat,Right arm Offbreak, ,Martin James Guptill,Martin James,
112000%,MJ Henry,Right hand Bat,Right arm Fast medium, ,Matthew James Henry,Matthew James,
1464800%,MJ Lumb,Left hand Bat,Right arm Medium, ,Michael John Lumb,Michael John,
3200%,MJ McClenaghan,Left hand Bat,Left arm Fast medium, ,Mitchell John McClenaghan,Mitchell John,
4358200%,MJ Owen,Right hand Bat,NULL,Right arm Medium,Mitchell J Owen,Mitchell J,
294700%,MJ Santner,Left hand Bat,Slow Left arm Orthodox, ,Mitchell Josef Santner,Mitchell Josef,
1128200%,MJ Suthar,Left hand Bat,Slow Left arm Orthodox,NULL,Manav Suthar,Manav Suthar,https://www.espncricinfo.com/cricketers/manav-suthar-1175426
198600%,MK Lomror,Left hand Bat,Slow Left arm Orthodox, ,Mahipal Krishan Lomror,Mahipal Krishan,
5900%,MK Pandey,Right hand Bat,Right arm Medium, ,Manish Krishnanand Pandey,Manish Krishnanand,
3900%,MK Tiwary,Right hand Bat,Legbreak Googly, ,Manoj Kumar Tiwary,Manoj Kumar,
1194200%,ML Hayden,Left hand Bat,Right arm Medium, ,Matthew Lawrence Hayden,Matthew Lawrence,"https://img1.hscicdn.com/image/upload/f_auto,t_ds_w_1280,q_80/lsci/db/PICTURES/CMS/319700/319706.png"
222700%,MM Ali,Left hand Bat,Right arm Offbreak, ,Moeen Munir Ali,Moeen Munir,
41800%,MM Patel,Right hand Bat,Right arm Medium fast, ,Munaf Musa Patel,Munaf Musa,
7500%,MM Sharma,Right hand Bat,Right arm Medium, ,Mohit Mahipal Sharma,Mohit Mahipal,https://ipl-stats-sports-mechanic.s3.ap-south-1.amazonaws.com/ipl/playerimages/Mohit%20Sharma.png
96300%,MN Samuels,Right hand Bat,Right arm Offbreak, ,Marlon Nathaniel Samuels,Marlon Nathaniel,
1355100%,MN van Wyk,Right hand Bat,Slow Left arm Orthodox,Wicketkeeper,Morne Nico van Wyk,Morne Nico,
1435300%,Mohammad Ashraful,Right hand Bat,"Right arm Offbreak, Legbreak", ,Mohammad Ashraful,Mohammad Ashraful,
1207000%,Mohammad Asif,Left hand Bat,Right arm Fast medium, ,Mohammad Asif,Mohammad Asif,
1192300%,Mohammad Hafeez,Right hand Bat,Right arm Offbreak, ,Mohammad Hafeez,Mohammad Hafeez,
49100%,Mohammad Nabi,Right hand Bat,Right arm Offbreak, ,Mohammad Nabi,Mohammad Nabi,
46000%,Mohammed Shami,Right hand Bat,Right arm Fast, ,Mohammed Shami Ahmed,Mohammed Shami,https://ipl-stats-sports-mechanic.s3.ap-south-1.amazonaws.com/ipl/playerimages/Mohammad%20Shami.png
53800%,Mohammed Siraj,Right hand Bat,Right arm Fast, ,Mohammed Siraj,Mohammed Siraj,https://www.espncricinfo.com/cricketers/mohammed-siraj-940973
860500%,Mohit Rathee,Right hand Bat,Legbreak, ,Mohit Rathee,Mohit Rathee,https://www.espncricinfo.com/cricketers/mohit-rathee-1349361
673000%,Mohsin Khan,Left hand Bat,Left arm Medium fast,NULL,Mohsin Khan,Mohsin Khan,
518100%,Monu Kumar,Right hand Bat,Right arm Medium, ,Monu Kumar Singh,Monu Kumar,
4382000%,MP Breetzke,Right hand Bat,NULL,Wicketkeeper,Matthew Paul Breetzke,Matthew Paul,
7300%,MP Stoinis,Right hand Bat,Right arm Medium, ,Marcus Peter Stoinis,Marcus Peter,
1030200%,MP Yadav,Right hand Bat,Right arm Fast,NULL,Mayank Yadav,Mayank Yadav,https://www.espncricinfo.com/cricketers/mayank-yadav-1292563
496000%,MR Marsh,Right hand Bat,Right arm Medium, ,Mitchell Ross Marsh,Mitchell Ross,https://ipl-stats-sports-mechanic.s3.ap-south-1.amazonaws.com/ipl/playerimages/Mitchell%20Marsh.png
4251100%,MS Bhandage,Left hand Bat,Right arm Medium fast,NULL,Manoj Shivaramsa Bhandage,Manoj Shivaramsa,
1450500%,MS Bisla,Right hand Bat, ,Wicketkeeper,Manvinder Sultansingh Bisla,Manvinder Sultansingh,
3800%,MS Dhoni,Right hand Bat,Right arm Medium,Wicketkeeper,Mahendra Singh Dhoni,Mahendra Singh,
5100%,MS Gony,Right hand Bat,Right arm Medium, ,Manpreet Singh Gony,Manpreet Singh,
673400%,MS Wade,Left hand Bat,Right arm Medium,Wicketkeeper,Matthew Scott Wade,Matthew Scott,
141900%,Mujeeb Ur Rahman,Right hand Bat,Right arm Offbreak, ,Mujeeb Ur Rahman,Mujeeb Ur,
679800%,Mukesh Choudhary,Left hand Bat,Left arm Medium, ,Mukesh Choudhary,Mukesh Choudhary,https://www.espncricinfo.com/cricketers/mukesh-choudhary-1125688
835500%,Mukesh Kumar,Right hand Bat,Right arm Medium, ,Mukesh Kumar,Mukesh Kumar,https://www.espncricinfo.com/cricketers/mukesh-kumar-926851
4384900%,Musheer Khan,Right hand Bat,Slow Left arm Orthodox,NULL,Musheer Khan,Musheer Khan,https://www.espncricinfo.com/cricketers/musheer-khan-1316430
29700%,Mustafizur Rahman,Left hand Bat,Left arm Fast medium, ,Mustafizur Rahman,Mustafizur Rahman,
1193500%,MV Boucher,Right hand Bat,Right arm Medium,Wicketkeeper,Mark Verdon Boucher,Mark Verdon,
859700%,MW Short,Right hand Bat,Right arm Offbreak, ,Matthew William Short,Matthew William,
1013500%,N Burger,Left hand Bat,Left arm Fast medium,NULL,Nandre Burger,Nandre Burger,
433900%,N Jagadeesan,Right hand Bat, ,Wicketkeeper,Narayan Jagadeesan,Narayan Jagadeesan,
276600%,N Pooran,Left hand Bat,Right arm Offbreak,Wicketkeeper,Nicholas Pooran,Nicholas Pooran,https://ipl-stats-sports-mechanic.s3.ap-south-1.amazonaws.com/ipl/playerimages/Nicholas%20Pooran.png
2600%,N Rana,Left hand Bat,"Right arm Medium, Right arm Offbreak, Legbreak", ,Nitish Rana,Nitish Rana,https://www.espncricinfo.com/cricketers/nitish-rana-604527
3481100%,N Saini,Right hand Bat, ,Wicketkeeper,Nitin Saini,Nitin Saini,
1093900%,N Thushara,Right hand Bat,Right arm Medium fast,NULL,Nuwan Thushara,Nuwan Thushara,https://www.espncricinfo.com/cricketers/nuwan-thushara-955235
838600%,N Wadhera,Left hand Bat,Legbreak, ,Nehal Wadhera,Nehal Wadhera,https://www.espncricinfo.com/cricketers/nehal-wadhera-1151273
835600%,NA Saini,Right hand Bat,Right arm Fast, ,Navdeep Amarjeet Saini,Navdeep Amarjeet,
1016300%,Naman Dhir,Right hand Bat,Right arm Offbreak,NULL,Naman Dhir,Naman Dhir,https://www.espncricinfo.com/cricketers/naman-dhir-1287032
270300%,Navdeep Saini,Right hand Bat,Right arm Fast,NULL,Navdeep Saini,Navdeep Saini,
889000%,Naveen-ul-Haq,Right hand Bat,Right arm Medium fast, ,Naveen-ul-Haq Murid,Naveen-ul,
63800%,NB Singh,Right hand Bat,Right arm Medium, ,Nathu Bharat Singh,Nathu Bharat,
1574500%,ND Doshi,Right hand Bat,Slow Left arm Orthodox, ,Nayan Dilip Doshi,Nayan Dilip,
982400%,Nithish Kumar Reddy,Right hand Bat,Right arm Medium fast, ,Kaki Nitish Kumar Reddy,Kaki Nitish,
3759500%,NJ Maddinson,Left hand Bat,Slow Left arm Orthodox, ,Nicolas James Maddinson,Nicolas James,
1586600%,NJ Rimmington,Right hand Bat,Right arm Fast medium, ,Nathan John Rimmington,Nathan John,
1257200%,NK Patel,Left hand Bat,NULL,NULL,Niraj Kanubhai Patel,Niraj Kanubhai,
1638000%,NL McCullum,Right hand Bat,Right arm Offbreak, ,Nathan Leslie McCullum,Nathan Leslie,
1487300%,NLTC Perera,Left hand Bat,Right arm Medium fast, ,Narangoda Liyanaarachchilage Thisara Chirantha Perera,Narangoda Liyanaarachchilage,
47100%,NM Coulter-Nile,Right hand Bat,Right arm Fast, ,Nathan Mitchell Coulter-Nile,Nathan Mitchell,
880900%,Noor Ahmad,Right hand Bat,Left arm Wrist spin, ,Noor Ahmad Lakanwal,Noor Ahmad,https://ipl-stats-sports-mechanic.s3.ap-south-1.amazonaws.com/ipl/playerimages/Noor%20Ahmad.png
289400%,NS Naik,Right hand Bat, ,Wicketkeeper,Nikhil Shankar Naik,Nikhil Shankar,
624500%,NT Ellis,Right hand Bat,Right arm Fast medium, ,Nathan Ellis,Nathan Ellis,https://www.espncricinfo.com/cricketers/nathan-ellis-826915
1800%,NV Ojha,Right hand Bat, ,Wicketkeeper,Naman Vinaykumar Ojha,Naman Vinaykumar,
364100%,O Thomas,Left hand Bat,Right arm Fast, ,Oshane Romaine Thomas,Oshane Romaine,
1446400%,OA Shah,Right hand Bat,Right arm Offbreak, ,Owais Alam Shah,Owais Alam,
730200%,OC McCoy,Left hand Bat,Left arm Fast medium, ,Obed  Christopher McCoy,Obed  Christopher,
671700%,OF Smith,Right hand Bat,Right arm Fast medium, ,Odean Fabian Smith,Odean Fabian,
1194900%,P Amarnath,Right hand Bat,Right arm Medium, ,Palani Amarnath,Palani Amarnath,
3455400%,P Awana,Right hand Bat,Right arm Medium, ,Parvinder Awana,Parvinder Awana,
231500%,P Chopra,Right hand Bat,Legbreak Googly,Occasional Wicketkeeper,Prashant Chopra,Prashant Chopra,
1195800%,P Dharmani,Right hand Bat, ,Wicketkeeper,Pankaj Dharmani,Pankaj Dharmani,
1448700%,P Dogra,Right hand Bat,Legbreak, ,Paras Dogra,Paras Dogra,
497000%,P Dubey,Right hand Bat,Legbreak Googly, ,Praveen Dubey,Praveen Dubey,
5200%,P Kumar,Right hand Bat,Right arm Medium, ,Praveenkumar Sakat Singh,Praveenkumar Sakat,
17200%,P Negi,Left hand Bat,Slow Left arm Orthodox, ,Pawan Negi,Pawan Negi,
1664800%,P Parameswaran,Right hand Bat,Left arm Medium, ,Prasanth Parameswaran,Prasanth Parameswaran,
3396100%,P Prasanth,Left hand Bat,Slow Left arm Orthodox, ,Padmanabhan Prasanth,Padmanabhan Prasanth,
293400%,P Ray Barman,Right hand Bat,Legbreak Googly, ,Prayas Ray Barman,Prayas Ray,
4024200%,P Sahu,Right hand Bat,Legbreak Googly, ,Pardeep Sahu,Pardeep Sahu,
374700%,P Simran Singh,Right hand Bat, ,Wicketkeeper,Prabhsimran Singh,Prabhsimran Singh,https://www.espncricinfo.com/cricketers/prabhsimran-singh-1161024
3696600%,P Suyal,Right hand Bat,Left arm Medium, ,Pawan Shakland Suyal,Pawan Shakland,
2300%,PA Patel,Left hand Bat,Right arm Offbreak,Wicketkeeper,Parthiv Ajay Patel,Parthiv Ajay,
3532200%,PA Reddy,Right hand Bat,Legbreak, ,Produturi Akshath Reddy,Produturi Akshath,
1204600%,Pankaj Singh,Right hand Bat,Right arm Medium fast, ,Pankaj Singh,Pankaj Singh,
3711900%,Parvez Rasool,Right hand Bat,Right arm Offbreak, ,Parvez Ghulam Rasool Zargar,Parvez Ghulam,
671300%,PBB Rajapaksa,Left hand Bat,Right arm Medium, ,Pramod Bhanuka Bandara Rajapaksa,Pramod Bhanuka,
1338300%,PC Valthaty,Right hand Bat,Right arm Medium, ,Paul Chandrashekar Valthaty,Paul Chandrashekar,
1500300%,PD Collingwood,Right hand Bat,Right arm Medium, ,Paul David Collingwood,Paul David,
894500%,PD Salt,Right hand Bat,Right arm Offbreak,Wicketkeeper,Philip Dean Salt,Philip Dean,
800500%,PH Solanki,Right hand Bat,Legbreak, ,Prashant Hitesh Solanki,Prashant Hitesh,
4185100%,PHKD Mendis,Left hand Bat,"Right arm Offbreak, Slow Left arm Orthodox",NULL,Kamindu Mendis,Kamindu Mendis,https://www.espncricinfo.com/cricketers/kamindu-mendis-784373
18400%,PJ Cummins,Right hand Bat,Right arm Fast, ,Patrick James Cummins,Patrick James,
90000%,PJ Sangwan,Right hand Bat,Left arm Medium, ,Pradeep Jaibeer Sangwan,Pradeep Jaibeer,
409700%,PK Garg,Right hand Bat,Right arm Medium, ,Priyam K Garg,Priyam K,
1276500%,PM Sarvesh Kumar,Right hand Bat,Right arm Medium, ,PM Sarvesh Kumar,PM Sarvesh,
819100%,PN Mankad,Right hand Bat,Right arm Medium, ,Prerak Nileshkumar Mankad,Prerak Nileshkumar,
6300%,PP Chawla,Left hand Bat,Legbreak, ,Piyush Pramod Chawla,Piyush Pramod,
1201700%,PP Ojha,Left hand Bat,Slow Left arm Orthodox, ,Pragyan Prayash Ojha,Pragyan Prayash,"https://img1.hscicdn.com/image/upload/f_auto,t_ds_square_w_160/lsci/db/PICTURES/CMS/322600/322694.1.png"
184900%,PP Shaw,Right hand Bat,Right arm Offbreak, ,Prithvi Pankaj Shaw,Prithvi Pankaj,
1198900%,PR Shah,Right hand Bat, ,Wicketkeeper,Pinal Rohitbhai Shah,Pinal Rohitbhai,
1183400%,Prince Yadav,Right hand Bat,Right arm Fast,NULL,Prince Yadav,Prince Yadav,https://www.espncricinfo.com/cricketers/prince-yadav-1350768
1184700%,Priyansh Arya,Left hand Bat,Right arm Offbreak,NULL,Priyansh Arya,Priyansh Arya,https://ipl-stats-sports-mechanic.s3.ap-south-1.amazonaws.com/ipl/playerimages/Priyansh%20Arya.png
4072500%,PSP Handscomb,Right hand Bat, ,Wicketkeeper,Peter Stephen Patrick Handscomb,Peter Stephen,
3703100%,PV Tambe,Right hand Bat,Legbreak, ,Pravin Vijay Tambe,Pravin Vijay,
672900%,PVD Chameera,Right hand Bat,Right arm Fast, ,Pathira Vasan Dushmantha Chameera,Pathira Vasan,
1181000%,PVSN Raju,Left hand Bat,Right arm Medium fast,NULL,Penumatsa Venkata Satyanarayana Raju,Penumatsa Venkata,
4172300%,PWA Mulder,Right hand Bat,Right arm Medium,NULL,Wiaan Mulder,Wiaan Mulder,https://www.espncricinfo.com/cricketers/wiaan-mulder-698189
598000%,PWH de Silva,Right hand Bat,Legbreak, ,Pinnaduwage Wanindu Hasaranga de Silva,Pinnaduwage Wanindu,
142100%,Q de Kock,Left hand Bat, ,Wicketkeeper,Quinton de Kock,Quinton de,
141600%,R Ashwin,Right hand Bat,Right arm Offbreak, ,Ravichandran Ashwin,Ravichandran Ashwin,https://www.espncricinfo.com/cricketers/ravichandran-ashwin-26421
4000%,R Bhatia,Right hand Bat,Right arm Medium fast, ,Rajat Bhatia,Rajat Bhatia,
1330100%,R Bishnoi,Right hand Bat,Right arm Medium fast, ,Rajesh Bishnoi,Rajesh Bishnoi,
747600%,R Dhawan,Right hand Bat,Right arm Medium fast, ,Rishi Dhawan,Rishi Dhawan,
1193000%,R Dravid,Right hand Bat,Right arm Offbreak,Occasional Wicketkeeper,Rahul Sharad Dravid,Rahul Sharad,
943100%,R Goyal,Left hand Bat,Left arm Wrist spin, ,Raghav Goyal,Raghav Goyal,
1447800%,R McLaren,Left hand Bat,Right arm Medium fast, ,Ryan McLaren,Ryan McLaren,
1180500%,R Minz,Left hand Bat,NULL,Slow Left arm Orthodox,Robin Minz,Robin Minz,https://www.espncricinfo.com/cricketers/robin-minz-1350762
1600900%,R Ninan,Right hand Bat,Right arm Offbreak, ,Ryan Ninan,Ryan Ninan,
323000%,R Parag,Right hand Bat,Legbreak, ,Riyan Parag,Riyan Parag,https://www.espncricinfo.com/cricketers/riyan-parag-1079434
669400%,R Powell,Right hand Bat,Right arm Medium fast, ,Rovman Powell,Rovman Powell,https://www.espncricinfo.com/cricketers/rovman-powell-820351
3621300%,R Rampaul,Left hand Bat,Right arm Fast medium, ,Ravindranath Rampaul,Ravindranath Rampaul,
1006500%,R Ravindra,Left hand Bat,Slow Left arm Orthodox,NULL,Rachin Ravindra,Rachin Ravindra,https://www.espncricinfo.com/cricketers/rachin-ravindra-959767
789500%,R Sai Kishore,Left hand Bat,Slow Left arm Orthodox, ,Ravisrinivasan Sai Kishore,Ravisrinivasan Sai,
808200%,R Sanjay Yadav,Left hand Bat,Slow Left arm Orthodox, ,Ramsingh  Sanjay Yadav,Ramsingh  Sanjay,
1447600%,R Sathish,Right hand Bat,Right arm Medium, ,Rajagopal Sathish,Rajagopal Sathish,
1476500%,R Sharma,Right hand Bat,Legbreak Googly, ,Rahul Sharma,Rahul Sharma,
676100%,R Shepherd,Right hand Bat,Right arm Fast medium, ,Romario Shepherd,Romario Shepherd,https://www.espncricinfo.com/cricketers/romario-shepherd-677077
3503000%,R Shukla,Right hand Bat,Right arm Medium, ,Rahul Shukla,Rahul Shukla,
111900%,R Tewatia,Left hand Bat,Legbreak, ,Rahul Tewatia,Rahul Tewatia,https://www.espncricinfo.com/cricketers/rahul-tewatia-423838
124200%,R Vinay Kumar,Right hand Bat,Right arm Medium, ,Ranganath Vinay Kumar,Ranganath Vinay,
671500%,RA Bawa,Left hand Bat,Right arm Medium fast, ,RajAngadBawa,RajAngad,
34800%,RA Jadeja,Left hand Bat,Slow Left arm Orthodox, ,Ravindrasinh Anirudhsinh Jadeja,Ravindrasinh Anirudhsinh,
1436000%,RA Shaikh,Left hand Bat,Left arm Medium, ,Rahil Akhil Ahmed Shaikh,Rahil Akhil,
26800%,RA Tripathi,Right hand Bat,Right arm Medium, ,Rahul Ajay Tripathi,Rahul Ajay,
832100%,Rahmanullah Gurbaz,Right hand Bat, ,Wicketkeeper,Rahmanullah Gurbaz,Rahmanullah Gurbaz,https://www.espncricinfo.com/cricketers/rahmanullah-gurbaz-974087
703600%,Ramandeep Singh,Right hand Bat,Right arm Medium, ,Ramandeep Singh,Ramandeep Singh,https://www.espncricinfo.com/cricketers/ramandeep-singh-1079470
2200%,Rashid Khan,Right hand Bat,Legbreak Googly, ,Rashid Khan Arman,Rashid Khan,https://www.espncricinfo.com/cricketers/rashid-khan-793463
276000%,Rasikh Salam,Right hand Bat,Right arm Medium, ,Rasikh Salam Dar,Rasikh Salam,
405900%,Ravi Bishnoi,Right hand Bat,Legbreak Googly, ,Ravi Bishnoi,Ravi Bishnoi,https://www.espncricinfo.com/cricketers/ravi-bishnoi-1175441
16300%,RD Chahar,Right hand Bat,Legbreak Googly, ,Rahul Desraj Chahar,Rahul Desraj,
411900%,RD Gaikwad,Right hand Bat,Right arm Offbreak, ,Ruturaj Dashrat Gaikwad,Ruturaj Dashrat,https://ipl-stats-sports-mechanic.s3.ap-south-1.amazonaws.com/ipl/playerimages/Ruturaj%20Gaikwad.png
1180100%,RD Rickelton,Left hand Bat,NULL,Wicketkeeper,Ryan Rickelton,Ryan Rickelton,https://www.espncricinfo.com/cricketers/ryan-rickelton-605661
3427200%,RE Levi,Right hand Bat,Right arm Medium, ,Richard Ernst Levi,Richard Ernst,
1356300%,RE van der Merwe,Right hand Bat,Slow Left arm Orthodox, ,Roelof Erasmus van der Merwe,Roelof Erasmus,
3908900%,RG More,Right hand Bat,Right arm Medium, ,Ronit Gajanan More,Ronit Gajanan,
2500%,RG Sharma,Right hand Bat,Right arm Offbreak, ,Rohit Gurunath Sharma,Rohit Gurunath,https://ipl-stats-sports-mechanic.s3.ap-south-1.amazonaws.com/ipl/playerimages/Rohit%20Sharma.png
1121200%,RJ Gleeson,Right hand Bat,Right arm Fast Medium,NULL,Richard Gleeson,Richard Gleeson,
1378500%,RJ Harris,Right hand Bat,Right arm Fast, ,Ryan James Harris,Ryan James,
3498300%,RJ Peterson,Left hand Bat,Slow Left arm Orthodox, ,Robin John Peterson,Robin John,
1338400%,RJ Quiney,Left hand Bat,Right arm Medium, ,Robert John Quiney,Robert John,
840000%,RJW Topley,Right hand Bat,Left arm Fast medium, ,Reece James William Topley,Reece James,
180500%,RK Bhui,Right hand Bat,Legbreak Googly, ,Ricky Kannakumar Bhui,Ricky Kannakumar,
143600%,RK Singh,Left hand Bat,Right arm Offbreak, ,Rinku Khanchand Singh,Rinku Khanchand,
534900%,RM Patidar,Right hand Bat,Right arm Offbreak, ,Rajat Manohar Patidar,Rajat Manohar,
1589600%,RN ten Doeschate,Right hand Bat,Right arm Medium fast, ,Ryan Neil ten Doeschate,Ryan Neil,
541100%,RP Meredith,Right hand Bat,Right arm Fast, ,Riley Patrick Meredith,Riley Patrick,
1201600%,RP Singh,Right hand Bat,Left arm Fast medium, ,Rudra Pratap Singh,Rudra Pratap,"https://img1.hscicdn.com/image/upload/f_auto,t_ds_square_w_160/lsci/db/PICTURES/CMS/389100/389167.5.png"
3453000%,RR Bhatkal,Right hand Bat,Right arm Medium, ,Raju Ravi Bhatkal,Raju Ravi,
1340200%,RR Bose,Right hand Bat,Right arm Fast medium, ,Ranadeb Ranjit Bose,Ranadeb Ranjit,
18100%,RR Pant,Left hand Bat, ,Wicketkeeper,Rishabh Rajendra Pant,Rishabh Rajendra,https://ipl-stats-sports-mechanic.s3.ap-south-1.amazonaws.com/ipl/playerimages/Rishabh%20Pant.png
1273800%,RR Powar,Right hand Bat,Right arm Offbreak, ,Ramesh Rajaram Powar,Ramesh Rajaram,
1242200%,RR Raje,Right hand Bat,Right arm Fast medium, ,Rohan Ravindra Raje,Rohan Ravindra,
834900%,RR Rossouw,Left hand Bat,Right arm Offbreak, ,Rilee Roscoe Rossouw,Rilee Roscoe,
1212100%,RR Sarwan,Right hand Bat,Legbreak, ,Ramnaresh Ronnie Sarwan,Ramnaresh Ronnie,
1325000%,RS Bopara,Right hand Bat,Right arm Medium, ,Ravinder Singh Bopara,Ravinder Singh,
1452000%,RS Gavaskar,Left hand Bat,Slow Left arm Orthodox, ,Rohan Sunil Gavaskar,Rohan Sunil,
829500%,RS Hangargekar,Right hand Bat,Right arm Fast medium, ,Rajvardhan S Hangargekar,Rajvardhan S,
1533400%,RS Sodhi,Right hand Bat,Right arm Medium, ,Reetinder Singh Sodhi,Reetinder Singh,
1192100%,RT Ponting,Right hand Bat,Right arm Medium, ,Ricky Thomas Ponting,Ricky Thomas,
1581800%,RV Gomez,Right hand Bat,Right arm Medium, ,Raiphi Vincent Gomez,Raiphi Vincent,
628700%,RV Patel,Right hand Bat,Right arm Medium fast, ,Ripal Vinubhai Patel,Ripal Vinubhai,
1279500%,RV Pawar,Left hand Bat,Slow Left arm Orthodox, ,Rajesh Vithal Pawar,Rajesh Vithal,
5800%,RV Uthappa,Right hand Bat,Right arm Medium,Occasional Wicketkeeper,Robin Venu Uthappa,Robin Venu,https://ipl-stats-sports-mechanic.s3.ap-south-1.amazonaws.com/ipl/playerimages/Robin%20Uthappa.png
3417100%,RW Price,Right hand Bat,Slow Left arm Orthodox, ,Raymond William Price,Raymond William,
1247100%,S Anirudha,Right hand Bat, , ,Srikkanth Anirudha,Srikkanth Anirudha,
800%,S Aravind,Left hand Bat,Left arm Medium fast, ,Sreenath Aravind,Sreenath Aravind,
34100%,S Badree,Right hand Bat,Legbreak, ,Samuel Badree,Samuel Badree,
1194700%,S Badrinath,Right hand Bat,Right arm Offbreak, ,Subramaniam Badrinath,Subramaniam Badrinath,
1199600%,S Chanderpaul,Left hand Bat,Legbreak, ,Shivnarine Chanderpaul,Shivnarine Chanderpaul,
1300%,S Dhawan,Left hand Bat,Right arm Offbreak, ,Shikhar Dhawan,Shikhar Dhawan,https://ipl-stats-sports-mechanic.s3.ap-south-1.amazonaws.com/ipl/playerimages/Shikhar%20Dhawan.png
270100%,S Dube,Left hand Bat,Right arm Medium, ,Shivam Dube,Shivam Dube,https://ipl-stats-sports-mechanic.s3.ap-south-1.amazonaws.com/ipl/playerimages/Shivam%20Dube.png
144900%,S Gopal,Right hand Bat,Legbreak, ,Shreyas Gopal,Shreyas Gopal,https://www.espncricinfo.com/cricketers/shreyas-gopal-344580
1071000%,S Joseph,Left hand Bat,Right arm Fast,NULL,Shamar Joseph,Shamar Joseph,https://www.espncricinfo.com/cricketers/shamar-joseph-1356971
49500%,S Kaul,Right hand Bat,Right arm Medium, ,Siddarth Kaul,Siddarth Kaul,
5500%,S Kaushik,Right hand Bat,Left arm Wrist spin, ,Shivil Kaushik,Shivil Kaushik,
1456700%,S Ladda,Right hand Bat,Legbreak, ,Sarabjit Ladda,Sarabjit Ladda,
235200%,S Lamichhane,Right hand Bat,Legbreak Googly, ,Sandeep Lamichhane,Sandeep Lamichhane,
314500%,S Midhun,Right hand Bat,Legbreak Googly, ,Sudhesan Midhun,Sudhesan Midhun,
18600%,S Nadeem,Right hand Bat,Slow Left arm Orthodox, ,Shahbaz Nadeem,Shahbaz Nadeem,
1465300%,S Narwal,Left hand Bat,Right arm Medium, ,Sumit Narwal,Sumit Narwal,
3405800%,S Rana,Right hand Bat,Right arm Medium fast, ,Sachin Rana,Sachin Rana,
1577900%,S Randiv,Right hand Bat,Right arm Offbreak, ,Hewa Kaluhalamullage Suraj Randiv Kaluhalamulla,Hewa Kaluhalamullage,
371800%,S Sandeep Warrier,Right hand Bat,Right arm Medium, ,Sankarankutty Sandeep Warrier,Sankarankutty Sandeep,
1203500%,S Sohal,Right hand Bat,Legbreak, ,Sunny Sohal,Sunny Sohal,
1196200%,S Sreesanth,Right hand Bat,Right arm Fast medium, ,Shanthakumaran Sreesanth,Shanthakumaran Sreesanth,
1538400%,S Sriram,Left hand Bat,Slow Left arm Orthodox, ,Sridharan Sriram,Sridharan Sriram,
1362000%,S Tyagi,Right hand Bat,Right arm Medium, ,Sudeep Tyagi,Sudeep Tyagi,
1233900%,S Vidyut,Left hand Bat,Slow Left arm Orthodox, ,Vidyut Sivaramakrishnan,Vidyut Sivaramakrishnan,
775100%,SA Abbott,Right hand Bat,Right arm Fast medium, ,Sean Anthony Abbott,Sean Anthony,
1232700%,SA Asnodkar,Right hand Bat,Right arm Offbreak, ,Swapnil Ashok Asnodkar,Swapnil Ashok,
6100%,SA Yadav,Right hand Bat,"Right arm Medium, Right arm Offbreak", ,Suryakumar Ashok Yadav,Suryakumar Ashok,https://ipl-stats-sports-mechanic.s3.ap-south-1.amazonaws.com/ipl/playerimages/Surya%20Kumar%20Yadav.png
600%,Sachin Baby,Left hand Bat,Right arm Offbreak, ,Sachin Baby,Sachin Baby,https://www.espncricinfo.com/cricketers/sachin-baby-432783
1231500%,Salman Butt,Left hand Bat,Right arm Offbreak, ,Salman Butt,Salman Butt,
1007000%,Sameer Rizvi,Right hand Bat,Right arm Offbreak,NULL,Sameer Rizvi,Sameer Rizvi,https://www.espncricinfo.com/cricketers/sameer-rizvi-1175489
7600%,Sandeep Sharma,Right hand Bat,Right arm Medium, ,Sandeep Sharma,Sandeep Sharma,https://www.espncricinfo.com/cricketers/sandeep-sharma-438362
975900%,Sanvir Singh,Right hand Bat,Right arm Medium, ,Sanvir Singh,Sanvir Singh,
1048800%,Saurav Chauhan,Left hand Bat,Right arm Offbreak,NULL,Saurav Chauhan,Saurav Chauhan,
1201400%,SB Bangar,Right hand Bat,Right arm Medium fast, ,Sanjay Bapusaheb Bangar,Sanjay Bapusaheb,
1038200%,SB Dubey,Left hand Bat,Right arm Offbreak,NULL,Shubham Badriprasad Dubey,Shubham Badriprasad,
5300%,SB Jakati,Left hand Bat,Slow Left arm Orthodox, ,Shadab Bashir Jakati,Shadab Bashir,
1194000%,SB Joshi,Left hand Bat,Slow Left arm Orthodox, ,Sunil Bandacharya Joshi,Sunil Bandacharya,
1201200%,SB Styris,Right hand Bat,Right arm Medium, ,Scott Bernard Styris,Scott Bernard,
1515000%,SB Wagh,Left hand Bat,Left arm Medium fast, ,Shrikant Bhaskar Wagh,Shrikant Bhaskar,
1191900%,SC Ganguly,Left hand Bat,Right arm Medium, ,Sourav Chandidas Ganguly,Sourav Chandidas,
307600%,SC Kuggeleijn,Right hand Bat,Right arm Fast medium, ,Scott Christopher Kuggeleijn,Scott Christopher,
1220400%,SD Chitnis,Right hand Bat,Right arm Offbreak, ,Siddharth Dilip Chitnis,Siddharth Dilip,
1007800%,SD Hope,Right hand Bat,NULL,Wicketkeeper,Shai Diego Hope,Shai Diego,
321400%,SD Lad,Right hand Bat,Right arm Offbreak, ,Siddhesh Dinesh Lad,Siddhesh Dinesh,
1462200%,SE Bond,Right hand Bat,Right arm Fast, ,Shane Edward Bond,Shane Edward,
54100%,SE Marsh,Left hand Bat,Slow Left arm Orthodox, ,Shaun Edward Marsh,Shaun Edward,https://cricclubs.com/documentsRep/profilePics/6c5d3a99-b18a-47b6-ba2e-5dae071b3452.png
350500%,SE Rutherford,Left hand Bat,Right arm Fast medium, ,Sherfane Eviston Rutherford,Sherfane Eviston,
4395400%,Sediqullah Atal,Left hand Bat,NULL,NULL,Sediqullah Atal,Sediqullah Atal,
1015900%,SH Johnson,Left hand Bat,Left arm Fast,NULL,Spencer Johnson,Spencer Johnson,https://www.espncricinfo.com/cricketers/spencer-johnson-1123718
431000%,Shahbaz Ahmed,Left hand Bat,Slow Left arm Orthodox, ,Shahbaz Ahmed,Shahbaz Ahmed,
1205600%,Shahid Afridi,Right hand Bat,Legbreak Googly, ,Sahibzada Mohammad Shahid Khan Afridi,Sahibzada Mohammad,
57900%,Shakib Al Hasan,Left hand Bat,Slow Left arm Orthodox, ,Shakib Al Hasan,Shakib Al,
702400%,Shashank Singh,Right hand Bat,"Right arm Medium, Right arm Offbreak", ,Shashank Singh,Shashank Singh,https://www.espncricinfo.com/cricketers/shashank-singh-377534
158100%,Shivam Mavi,Right hand Bat,Right arm Fast medium, ,Shivam Pankaj Mavi,Shivam Pankaj,
3822900%,Shivam Sharma,Right hand Bat,Right arm Offbreak, ,Shivam Sharma,Shivam Sharma,
1164000%,Shivam Singh,Right hand Bat,Right arm Offbreak,NULL,Shivam Singh,Shivam Singh,
1350200%,Shoaib Ahmed,Right hand Bat,Right arm Fast medium, ,Syed Mohammad Shoaib Ahmed,Syed Mohammad,
1271000%,Shoaib Akhtar,Right hand Bat,Right arm Fast, ,Shoaib Akhtar,Shoaib Akhtar,
1206500%,Shoaib Malik,Right hand Bat,Right arm Offbreak, ,Shoaib Malik,Shoaib Malik,
158000%,Shubman Gill,Right hand Bat,Right arm Offbreak, ,Shubman Gill,Shubman Gill,https://ipl-stats-sports-mechanic.s3.ap-south-1.amazonaws.com/ipl/playerimages/Shubman%20Gill.png
831200%,Sikandar Raza,Right hand Bat,Right arm Offbreak, ,Sikandar Raza Butt,Sikandar Raza,
765200%,Simarjeet Singh,Right hand Bat,Right arm Medium fast, ,Simarjeet Singh,Simarjeet Singh,https://www.espncricinfo.com/cricketers/simarjeet-singh-1159722
1471200%,SJ Srivastava,Right hand Bat,Left arm Fast medium, ,Shalabh Jagdishprasad Srivastava,Shalabh Jagdishprasad,
4700%,SK Raina,Left hand Bat,Right arm Offbreak, ,Suresh Kumar Raina,Suresh Kumar,
4220600%,SK Rasheed,Right hand Bat,Legbreak,NULL,Shaik Rasheed,Shaik Rasheed,https://www.espncricinfo.com/cricketers/shaik-rasheed-1292497
1197200%,SK Trivedi,Right hand Bat,Right arm Medium, ,Siddharth Kishorkumar Trivedi,Siddharth Kishorkumar,
1197100%,SK Warne,Right hand Bat,Legbreak Googly, ,Shane Keith Warne,Shane Keith,
23000%,SL Malinga,Right hand Bat,Right arm Fast, ,Separamadu Lasith Malinga,Separamadu Lasith,https://ipl-stats-sports-mechanic.s3.ap-south-1.amazonaws.com/ipl/playerimages/Lasith%20Malinga.png
4081300%,SM Boland,Right hand Bat,Right arm Fast medium, ,Scott Michael Boland,Scott Michael,
276800%,SM Curran,Left hand Bat,Left arm Medium fast, ,Samuel Matthew Curran,Samuel Matthew,
1369800%,SM Harwood,Right hand Bat,Right arm Fast medium, ,Shane Michael Harwood,Shane Michael,
1195600%,SM Katich,Left hand Bat,Left arm Wrist spin, ,Simon Mathew Katich,Simon Mathew,
1199100%,SM Pollock,Right hand Bat,Right arm Fast medium, ,Shaun Maclean Pollock,Shaun Maclean,
3622700%,SMSM Senanayake,Right hand Bat,Right arm Offbreak, ,Senanayake Mudiyanselage Sachithra Madhushanka Senanayake,Senanayake Mudiyanselage,
142400%,SN Khan,Right hand Bat,Legbreak, ,Sarfaraz Naushad Khan,Sarfaraz Naushad,
36000%,SN Thakur,Right hand Bat,Right arm Medium, ,Shardul Narendra Thakur,Shardul Narendra,
270000%,SO Hetmyer,Left hand Bat, , ,Shimron Odilon Hetmyer,Shimron Odilon,
1214700%,Sohail Tanvir,Left hand Bat,Left arm Medium fast, ,Sohail Tanvir,Sohail Tanvir,"https://img1.hscicdn.com/image/upload/f_auto,t_ds_square_w_160/lsci/db/PICTURES/CMS/320400/320472.1.png"
1233800%,SP Fleming,Left hand Bat, , ,Stephen Paul Fleming,Stephen Paul,
229500%,SP Goswami,Left hand Bat, ,Wicketkeeper,Shreevats Pratyush Goswami,Shreevats Pratyush,
75300%,SP Jackson,Right hand Bat, ,Wicketkeeper,Sheldon Philip Jackson,Sheldon Philip,
6500%,SP Narine,Left hand Bat,Right arm Offbreak, ,Sunil Philip Narine,Sunil Philip,
3600%,SPD Smith,Right hand Bat,Legbreak Googly, ,Steven Peter Devereux Smith,Steven Peter,
1258000%,SR Tendulkar,Right hand Bat,"Right arm Offbreak, Legbreak Googly", ,Sachin Ramesh Tendulkar,Sachin Ramesh,"https://img1.hscicdn.com/image/upload/f_auto,t_ds_square_w_320,q_50/lsci/db/PICTURES/CMS/316400/316486.6.png"
500%,SR Watson,Right hand Bat,Right arm Fast medium, ,Shane Robert Watson,Shane Robert,
63700%,SS Agarwal,Right hand Bat,Legbreak Googly, ,Shubham Sanjay Agarwal,Shubham Sanjay,
405800%,SS Cottrell,Right hand Bat,Left arm Fast medium, ,Sheldon Shane Cottrell,Sheldon Shane,
38900%,SS Iyer,Right hand Bat,"Right arm Offbreak, Legbreak Googly", ,Shreyas Santosh Iyer,Shreyas Santosh,https://ipl-stats-sports-mechanic.s3.ap-south-1.amazonaws.com/ipl/playerimages/Shreyas%20Iyer.png
3412600%,SS Mundhe,Right hand Bat,Right arm Medium, ,Shrikant Shrihari Mundhe,Shrikant Shrihari,
713400%,SS Prabhudessai,Right hand Bat,Right arm Medium, ,Suyash S Prabhudessai,Suyash S,
1400800%,SS Sarkar,Right hand Bat,Right arm Medium, ,Sourav Subrata Sarkar,Sourav Subrata,
1420600%,SS Shaikh,Right hand Bat,Right arm Medium, ,Shoaib Shabbir Shaikh,Shoaib Shabbir,
123300%,SS Tiwary,Left hand Bat, , ,Saurabh Sunil Tiwary,Saurabh Sunil,
856900%,SSB Magala,Right hand Bat,Right arm Fast medium, ,Sisanda Somila Bruce Magala,Sisanda Somila,
1198600%,ST Jayasuriya,Left hand Bat,Slow Left arm Orthodox, ,Sanath Teran Jayasuriya,Sanath Teran,"https://img1.hscicdn.com/image/upload/f_auto,t_ds_w_1280,q_80/lsci/db/PICTURES/CMS/319800/319886.png"
700%,STR Binny,Right hand Bat,Right arm Medium, ,Stuart Terence Roger Binny,Stuart Terence,
1008300%,Sumit Kumar,Right hand Bat,Right arm Medium fast,NULL,Sumit Kumar,Sumit Kumar,
3586400%,Sunny Gupta,Right hand Bat,Right arm Offbreak, ,Sunny Gupta,Sunny Gupta,
1586200%,Sunny Singh,Right hand Bat,Right arm Medium fast, ,Sunny Singh,Sunny Singh,
1185400%,Suryansh Shedge,Right hand Bat,Right arm Medium fast,NULL,Suryansh Shedge,Suryansh Shedge,https://www.espncricinfo.com/cricketers/suryansh-shedge-1339698
847500%,Suyash Sharma,Right hand Bat,Legbreak Googly, ,Suyash Sharma,Suyash Sharma,https://www.espncricinfo.com/cricketers/suyash-sharma-1350792
18000%,SV Samson,Right hand Bat, ,Wicketkeeper,Sanju Viswanath Samson,Sanju Viswanath,
17800%,SW Billings,Right hand Bat, ,Wicketkeeper,Samuel William Billings,Samuel William,
1449200%,SW Tait,Right hand Bat,Right arm Fast, ,Shaun William Tait,Shaun William,
7400%,Swapnil Singh,Right hand Bat,Slow Left arm Orthodox, ,Swapnil Singh,Swapnil Singh,https://www.espncricinfo.com/cricketers/swapnil-singh-232292
1016900%,SZ Mulani,Left hand Bat,Slow Left arm Orthodox,NULL,Shams Mulani,Shams Mulani,
406300%,T Banton,Right hand Bat, ,Wicketkeeper,Tom Banton,Tom Banton,
1322000%,T Henderson,Right hand Bat,Right arm Fast medium, ,Tyron Henderson,Tyron Henderson,
1156200%,T Kohler-Cadmore,Right hand Bat,Right arm Offbreak,Wicketkeeper,Tom Kohler-Cadmore,Tom Kohler,
1196300%,T Kohli,Right hand Bat,Right arm Medium, ,Taruwar Sushil Kohli,Taruwar Sushil,
3470600%,T Mishra,Right hand Bat,Right arm Fast medium, ,Tanmay Mishra,Tanmay Mishra,
7700%,T Natarajan,Left hand Bat,Left arm Medium, ,Thangarasu Natarajan,Thangarasu Natarajan,
621200%,T Shamsi,Right hand Bat,Left arm Wrist spin, ,Tabraiz Shamsi,Tabraiz Shamsi,
794700%,T Stubbs,Right hand Bat,Right arm Offbreak,Wicketkeeper,Tristan Stubbs,Tristan Stubbs,https://www.espncricinfo.com/cricketers/tristan-stubbs-595978
1253900%,T Taibu,Right hand Bat,Right arm Medium,Wicketkeeper,Tatenda Taibu,Tatenda Taibu,
1320300%,T Thushara,Left hand Bat,Left arm Fast medium, ,Magina Thilan Thushara Mirando,Magina Thilan,
6600%,TA Boult,Right hand Bat,Left arm Fast medium, ,Trent Alexander Boult,Trent Alexander,https://ipl-stats-sports-mechanic.s3.ap-south-1.amazonaws.com/ipl/playerimages/Trent%20Boult.png
1069000%,Tanush Kotian,Right hand Bat,Right arm Offbreak,NULL,Tanush Kotian,Tanush Kotian,
1619900%,TD Paine,Right hand Bat,Right arm Medium,Wicketkeeper,Timothy David Paine,Timothy David,
19700%,Tejas Baroka,Right hand Bat,Legbreak Googly, ,Tejas Baroka,Tejas Baroka,
3100%,TG Southee,Right hand Bat,Right arm Medium fast, ,Timothy Grant Southee,Timothy Grant,
655000%,TH David,Right hand Bat,Right arm Offbreak, ,Timothy Hays David,Timothy Hays,
668100%,Tilak Varma,Left hand Bat,Right arm Offbreak, ,Namboori Thakur Tilak Varma,Namboori Thakur,
147100%,TK Curran,Right hand Bat,Right arm Fast medium, ,Thomas Kevin Curran,Thomas Kevin,
631000%,TL Seifert,Right hand Bat, ,Wicketkeeper,Tim Louis Seifert,Tim Louis,
1359500%,TL Suman,Right hand Bat,Right arm Offbreak, ,Tirumalasetti Laxminarayana Suman,Tirumalasetti Laxminarayana,
1265000%,TM Dilshan,Right hand Bat,Right arm Offbreak,Wicketkeeper,Tillakaratne Mudiyanselage Dilshan,Tillakaratne Mudiyanselage,
300%,TM Head,Left hand Bat,Right arm Offbreak,Wicketkeeper,Travis Michael Head,Travis Michael,https://ipl-stats-sports-mechanic.s3.ap-south-1.amazonaws.com/ipl/playerimages/Travis%20Head.png
1222100%,TM Srivastava,Left hand Bat,Right arm Medium, ,Tanmay Manoj Srivastava,Tanmay Manoj,
3439200%,TP Sudhindra,Left hand Bat,Right arm Fast, ,Taduri Prakash Chandra Sudhindra,Taduri Prakash,
1645500%,TR Birt,Left hand Bat,Right arm Medium,Occasional Wicketkeeper,Travis Rodney Birt,Travis Rodney,
900%,TS Mills,Right hand Bat,Left arm Fast, ,Tymal Solomon Mills,Tymal Solomon,
414600%,TU Deshpande,Left hand Bat,Right arm Medium, ,Tushar Uday Deshpande,Tushar Uday,
1245400%,U Kaul,Left hand Bat, ,Wicketkeeper,Uday Kaul,Uday Kaul,
3697300%,UA Birla,Right hand Bat,Right arm Medium, ,Udit Alok Birla,Udit Alok,
1583700%,UBT Chand,Right hand Bat,Right arm Offbreak, ,Unmukt Bharat Thakur Chand,Unmukt Bharat,
1232300%,Umar Gul,Right hand Bat,Right arm Fast medium, ,Umar Gul,Umar Gul,
601700%,Umran Malik,Right hand Bat,Right arm Fast, ,Umran Malik,Umran Malik,
4354800%,Urvil Patel,Right hand Bat,NULL,Wicketkeeper,Urvil Mukesh Patel,Urvil Mukesh,
4089500%,UT Khawaja,Left hand Bat,Right arm Medium, ,Usman Tariq Khawaja,Usman Tariq,
31800%,UT Yadav,Right hand Bat,Right arm Fast, ,Umeshkumar Tilak Yadav,Umeshkumar Tilak,
1142900%,V Kaverappa,Right hand Bat,Right arm Fast medium,NULL,Vidhwath Kaverappa,Vidhwath Kaverappa,
33200%,V Kohli,Right hand Bat,Right arm Medium, ,Virat Kohli,Virat Kohli,https://ipl-stats-sports-mechanic.s3.ap-south-1.amazonaws.com/ipl/playerimages/Virat%20Kohli.png
1184300%,V Nigam,Right hand Bat,Legbreak,NULL,Vipraj Nigam,Vipraj Nigam,https://www.espncricinfo.com/cricketers/vipraj-nigam-1449074
3460100%,V Pratap Singh,Right hand Bat,Right arm Medium, ,Veer Pratap Singh,Veer Pratap,
1179900%,V Puthur,Right hand Bat,Left arm Wrist spin,NULL,Vignesh Puthur,Vignesh Puthur,https://www.espncricinfo.com/cricketers/vignesh-puthur-1460388
1197500%,V Sehwag,Right hand Bat,Right arm Offbreak, ,Virender Sehwag,Virender Sehwag,
29300%,V Shankar,Right hand Bat,Right arm Medium, ,Vijay Shankar,Vijay Shankar,https://www.espncricinfo.com/cricketers/vijay-shankar-477021
4256600%,V Suryavanshi,Left hand Bat,Slow Left arm Orthodox,NULL,Vaibhav Suryavanshi,Vaibhav Suryavanshi,https://ipl-stats-sports-mechanic.s3.ap-south-1.amazonaws.com/ipl/playerimages/Vaibhav%20Suryavanshi.png
1141600%,V Viyaskanth,Right hand Bat,Legbreak,NULL,Vijayakanth Viyaskanth,Vijayakanth Viyaskanth,
688500%,VG Arora,Right hand Bat,Right arm Fast medium, ,Vaibhav Gopal Arora,Vaibhav Gopal,
3832200%,VH Zol,Left hand Bat,Right arm Offbreak, ,Vijay Hari Zol,Vijay Hari,
874800%,Vijaykumar Vyshak,Right hand Bat,Right arm Medium, ,Vijaykumar Vyshak,Vijaykumar Vyshak,
552600%,Virat Singh,Left hand Bat,Legbreak Googly, ,Virat Binod Singh,Virat Binod,
17100%,Vishnu Vinod,Right hand Bat, ,Wicketkeeper,Vishnu Vinod,Vishnu Vinod,https://www.espncricinfo.com/cricketers/vishnu-vinod-732293
952400%,Vivrant Sharma,Left hand Bat,Legbreak Googly, ,Vivrant Sharma,Vivrant Sharma,
24100%,VR Aaron,Right hand Bat,Right arm Fast, ,Varun Raymond Aaron,Varun Raymond,
598600%,VR Iyer,Left hand Bat,Right arm Medium, ,Venkatesh Rajasekaran Iyer,Venkatesh Rajasekaran,
1212700%,VRV Singh,Right hand Bat,Right arm Medium fast, ,Vikram Raj Vir Singh,Vikram Raj,
1325800%,VS Malik,Right hand Bat,Right arm Medium, ,Vikramjeet Singh Malik,Vikramjeet Singh,
1209300%,VS Yeligati,Right hand Bat,Right arm Offbreak, ,Vikrant Shyam Yeligati,Vikrant Shyam,
1200900%,VVS Laxman,Right hand Bat,Right arm Offbreak, ,Vangipurappu Venkata Sai Laxman,Vangipurappu Venkata,
1207100%,VY Mahesh,Right hand Bat,Right arm Medium fast, ,Vijaykumar Yo Mahesh,Vijaykumar Yo,
1193100%,W Jaffer,Right hand Bat,Right arm Offbreak, ,Wasim Jaffer,Wasim Jaffer,
4363800%,W O'Rourke,Right hand Bat,Right arm Fast,Right arm Fast,William Peter O'Rourke,William Peter,
1196100%,WA Mota,Right hand Bat,Right arm Medium, ,Wilkin Arvind Mota,Wilkin Arvind,
61300%,Washington Sundar,Left hand Bat,Right arm Offbreak, ,Washington Sundar,Washington Sundar,https://www.espncricinfo.com/cricketers/washington-sundar-719715
862600%,WD Parnell,Left hand Bat,Left arm Medium fast, ,Wayne Dillon Parnell,Wayne Dillon,
1063000%,WG Jacks,Right hand Bat,Right arm Offbreak,NULL,William George Jacks,William George,
6900%,WP Saha,Right hand Bat, ,Wicketkeeper,Wriddhiman Prasanta Saha,Wriddhiman Prasanta,
1201500%,WPUJC Vaas,Left hand Bat,Left arm Fast medium, ,Warnakulasuriya Patabendige Ushantha Joseph Chaminda Vaas,Warnakulasuriya Patabendige,
3660900%,X Thalaivan Sargunam,Right hand Bat,Right arm Offbreak, ,Xavier Thalaivan Sargunam,Xavier Thalaivan,
4222600%,XC Bartlett,Right hand Bat,Right arm Fast medium,NULL,Xavier Colin Bartlett,Xavier Colin,
3396300%,Y Gnaneswara Rao,Right hand Bat,Right arm Medium, ,Yalaka Gnaneswara Rao,Yalaka Gnaneswara,
1427900%,Y Nagar,Right hand Bat,Right arm Offbreak, ,Yogesh Nagar,Yogesh Nagar,
351800%,Y Prithvi Raj,Left hand Bat,Left arm Medium, ,Prithvi Raj Yarra,Prithvi Raj,
1200800%,Y Venugopal Rao,Right hand Bat,Right arm Offbreak, ,Yalaka Venugopal Rao,Yalaka Venugopal,
1326000%,YA Abdulla,Left hand Bat,Left arm Fast medium, ,Yusuf Adam Abdulla,Yusuf Adam,
717200%,Yash Dayal,Right hand Bat,Left arm Medium fast, ,Yash Dayal,Yash Dayal,https://www.espncricinfo.com/cricketers/yash-dayal-1159720
842500%,Yash Thakur,Right hand Bat,Right arm Fast medium, ,Yash Ravisingh Thakur,Yash Ravisingh,
1332000%,Yashpal Singh,Right hand Bat,Right arm Medium, ,Yashpal Singh,Yashpal Singh,
410400%,YBK Jaiswal,Left hand Bat,Legbreak, ,Yashasvi Bhupendra Kumar Jaiswal,Yashasvi Bhupendra,https://ipl-stats-sports-mechanic.s3.ap-south-1.amazonaws.com/ipl/playerimages/Yashasvi%20Jaiswal.png
6000%,YK Pathan,Right hand Bat,Right arm Offbreak, ,Yusuf Khan Pathan,Yusuf Khan,
1274600%,Younis Khan,Right hand Bat,"Right arm Medium, Legbreak", ,Mohammad Younis Khan,Mohammad Younis,
1000%,YS Chahal,Right hand Bat,Legbreak Googly, ,Yuzvendra Singh Chahal,Yuzvendra Singh,https://ipl-stats-sports-mechanic.s3.ap-south-1.amazonaws.com/ipl/playerimages/Yuzvendra%20Chahal.png
876900%,Yudhvir Singh,Right hand Bat,Right arm Medium fast, ,Yudhvir Singh Charak,Yudhvir Singh,
1500%,Yuvraj Singh,Left hand Bat,Slow Left arm Orthodox, ,Yuvraj Singh,Yuvraj Singh,
864600%,YV Dhull,Right hand Bat,Right arm Offbreak, ,Yash Vijay Dhull,Yash Vijay,
1241400%,YV Takawale,Right hand Bat, ,Wicketkeeper,Yogesh Vijay Takawale,Yogesh Vijay,
18700%,Z Khan,Right hand Bat,Left arm Fast medium, ,Zaheer Khan,Zaheer Khan,
4172600%,Zeeshan Ansari,Right hand Bat,Legbreak Googly,NULL,Zeeshan Ansari,Zeeshan Ansari,https://www.espncricinfo.com/cricketers/zeeshan-ansari-942371
